Type,PD10014a,PD11327a,PD11742a,PD11748a,PD11750a,PD11751a,PD11755a,PD13296a,PD13297a,PD13299a,PD13311a,PD13627a,PD13771a,PD18259a,PD22355a,PD22358a,PD23558a,PD23562a,PD23574a,PD23578a,PD24186a,PD24191a,PD24202a,PD24337a,PD3890a,PD3904a,PD3905a,PD3945a,PD4005a,PD4006a,PD4107a,PD4115a,PD4116a,PD4604a,PD4872a,PD4874a,PD4876a,PD4951a,PD4952a,PD4953a,PD4954a,PD4955a,PD4956a,PD4957a,PD4958a,PD4959a,PD5930a,PD5935a,PD5945a,PD5948a,PD5960a,PD6042a,PD6406a,PD6409a,PD6411a,PD6413a,PD6415a,PD6684a,PD6731a2,PD7211a,PD7215a,PD7217a,PD7250a,PD8610a,PD8611a,PD8621a,PD8652a2,PD8832a,PD8969a,PD8978a,PD8980a,PD8984a,PD9000a,PD9004a,PD9585a,PD9592a,PD9702a,PD10010a,PD11336a,PD11337a,PD11338a,PD11339a,PD11340a,PD11341a,PD11342a,PD11343a,PD11344a,PD11345a,PD11346a,PD11347a,PD11348a,PD11349a,PD11355a,PD11357a,PD11359a,PD11360a,PD11361a,PD11364a,PD11366a,PD11367a,PD11368a,PD11369a,PD11374a,PD11375a,PD11376a,PD11380a,PD11381a,PD11383a,PD11384a,PD11385a,PD11386a,PD11388a,PD11393a,PD11394a,PD11395a,PD11396a,PD11397a,PD11398a,PD11399a,PD11402a,PD11462a,PD11465a,PD11740a,PD11741a,PD11744a,PD11745a,PD11752a,PD11756a,PD11760a,PD11761a,PD11762a,PD11766a,PD11769a,PD11816a,PD13164a,PD13166a,PD13167a,PD13168a,PD13302a,PD13306a,PD13307a,PD13419a,PD13420a,PD13422a,PD13424a,PD13425a,PD13427a,PD13428a,PD13603a,PD13605a,PD13606a,PD13607a,PD13608a,PD13609a,PD13619a,PD13620a,PD13622a,PD13625a,PD13626a,PD13629a,PD13630a,PD13631a,PD13752a,PD13754a,PD13757a,PD13758a,PD13763a,PD13764a,PD13766a,PD13767a,PD13768a,PD13770a,PD14432a,PD14433a,PD14435a,PD14437a,PD14439a,PD14441a,PD14450a,PD14453a,PD14454a,PD14456a,PD14457a,PD14459a,PD14460a,PD14461a,PD14462a,PD14465a,PD14467a,PD14468a,PD14471a,PD14472a,PD14473a,PD17973a,PD17981a,PD17991a,PD17994a,PD18022a,PD18045a,PD18046a,PD18047a,PD18049a,PD18050a,PD18100a,PD18101a,PD18116a,PD18149a,PD18188a,PD18189a,PD18251a,PD18257a,PD18258a,PD18264a,PD18269a,PD18730a,PD18733a,PD18734a,PD18748a,PD18751a,PD18754a,PD18756a,PD18768a,PD18771a,PD18775a,PD18776a,PD3851a,PD4069a,PD4085a,PD4199a,PD4225a,PD4248a,PD4255a,PD4261a,PD4266a,PD4315a,PD4605a,PD4606a,PD4613a,PD4962a,PD4965a,PD4967a,PD4968a,PD4969a,PD4970a,PD4971a,PD4976a,PD4981a,PD4985a,PD5936a,PD5946a,PD5951a,PD5959a,PD5961a,PD5964a,PD6041a,PD6045a,PD6417a,PD6422a,PD6466b,PD6711a2,PD6719a,PD6720a,PD6721a,PD7069a,PD7199a,PD7201a,PD7206a,PD7207a,PD7210a,PD7214a,PD7218a,PD7219a,PD7220a,PD7221a,PD7238a,PD7243a,PD7322a,PD8609a,PD8614a,PD8615a,PD8617a,PD8618a,PD8619a,PD8622a,PD8623a,PD8828a,PD8965a,PD8973a,PD8977a,PD8979a,PD8981a,PD9001a,PD9063a,PD9065a,PD9067a,PD9193a,PD9539a,PD9541a,PD9577a,PD9578a,PD9582a,PD9591a,PD9593a,PD9597a,PD9599a,PD9605a,PD9752a,PD9754a,PD9755a,PD9756a,PD9759a
A[C>A]A,235,281,117,232,105,264,48,317,136,117,81,136,240,118,188,90,197,120,208,166,119,123,133,109,116,127,113,295,81,189,220,245,141,189,80,150,100,62,211,152,118,134,184,67,133,109,74,126,162,218,56,180,98,259,136,86,157,176,81,193,114,151,149,84,86,122,269,420,93,154,333,148,234,155,195,193,135,37,88,58,37,28,68,25,31,62,26,93,34,17,86,106,41,41,43,39,31,35,40,149,93,72,37,38,44,43,30,57,23,43,28,76,94,33,73,47,94,32,53,33,42,229,36,57,41,42,159,33,86,53,29,11,22,59,46,31,29,30,74,31,59,12,21,38,74,220,23,44,32,19,121,38,42,27,31,82,114,201,19,17,49,33,56,39,16,28,46,100,31,34,14,55,28,37,69,74,23,91,20,130,51,31,104,49,29,20,32,62,27,22,61,39,29,57,120,14,13,29,133,53,50,38,46,32,12,22,48,32,72,49,58,25,24,28,9,53,90,39,27,26,30,43,25,24,29,52,51,65,40,46,45,125,31,35,58,38,25,26,113,65,43,85,14,52,71,119,41,33,49,73,46,33,48,41,27,32,22,86,21,21,130,30,37,57,28,30,129,44,26,22,41,41,32,38,24,143,49,43,22,43,23,44,65,31,40,18,83,31,38,55,29,41,52,61,18,26,60,32,29,15,55,17,26,11,46,81,72,39,30,39,38
A[C>A]C,241,229,100,178,92,207,41,291,125,96,62,118,233,126,178,101,183,108,195,145,121,109,113,100,91,114,82,195,68,165,177,179,162,191,72,123,74,43,189,119,96,111,193,52,148,84,56,140,166,184,75,122,80,169,119,64,108,156,85,152,108,136,118,81,79,98,218,467,81,75,324,139,179,146,192,137,87,25,63,47,40,38,56,31,36,48,28,60,18,20,68,101,34,49,36,41,20,22,46,149,82,79,24,22,54,36,34,32,22,29,50,91,66,38,55,38,71,37,31,38,37,172,31,34,28,45,99,16,53,41,29,24,18,42,31,14,20,29,64,28,51,14,29,29,63,190,14,41,29,30,102,37,31,33,28,59,91,172,15,22,40,41,33,38,14,30,41,65,31,28,17,33,26,26,50,48,17,80,10,96,31,21,54,29,18,19,29,40,29,23,56,30,15,27,103,14,15,19,95,36,26,43,37,22,12,19,28,34,61,41,28,16,31,17,11,51,68,36,35,19,17,37,18,19,24,45,20,45,28,29,31,62,29,23,46,46,13,17,94,49,43,72,12,44,37,75,27,29,55,37,50,27,37,24,26,19,27,96,24,25,103,25,28,41,26,16,94,27,19,20,25,25,25,21,22,100,26,40,19,30,26,20,36,14,26,19,70,33,53,48,36,29,47,27,16,24,59,26,25,11,40,16,27,13,33,46,51,33,18,24,25
A[C>A]G,37,53,10,12,18,36,9,52,20,20,18,21,29,13,27,25,29,18,31,18,23,9,28,13,14,13,12,25,13,32,37,15,16,14,6,28,12,5,36,22,17,13,34,10,24,9,5,23,19,24,10,19,15,28,23,11,24,30,18,15,10,25,25,13,22,19,29,73,15,16,43,29,25,25,24,20,26,8,14,3,4,5,11,9,3,7,5,16,2,1,16,18,12,12,3,6,3,6,5,21,17,14,4,4,6,6,7,4,3,3,8,13,11,4,11,11,13,2,9,7,9,26,10,9,4,6,13,2,5,10,3,3,4,7,5,8,5,5,9,4,5,4,4,8,8,32,2,11,6,3,17,5,6,6,3,4,14,22,2,4,6,4,5,6,2,6,10,11,3,3,1,4,9,8,7,7,4,11,3,16,6,7,14,7,3,0,8,14,5,3,9,2,3,6,8,5,3,2,22,1,10,3,12,3,1,2,3,8,7,11,10,6,3,5,2,7,9,7,7,2,6,6,2,1,2,10,5,5,6,7,8,15,4,4,7,9,5,1,11,8,7,5,5,8,10,14,4,7,7,5,13,6,6,2,3,1,4,13,2,4,12,8,7,4,6,3,23,6,3,5,5,3,4,3,3,16,4,10,4,7,11,3,10,1,4,3,13,10,10,9,3,10,5,6,5,4,5,3,2,3,7,3,3,3,7,11,9,5,2,6,5
A[C>A]T,234,260,104,227,103,214,42,277,106,77,62,111,214,113,203,86,147,100,216,120,136,87,125,93,88,114,78,181,76,202,181,163,162,145,80,114,64,34,158,110,85,107,157,44,152,70,70,116,153,231,43,104,67,200,113,74,138,140,86,143,85,124,91,73,82,119,228,426,73,74,265,98,162,124,170,164,102,24,59,40,27,22,60,10,22,29,9,70,18,19,53,89,30,38,25,29,19,21,30,121,56,55,21,19,32,18,17,36,15,22,29,60,66,15,45,34,61,35,28,28,33,178,13,28,19,40,93,20,53,29,13,15,15,49,33,18,29,21,53,22,41,7,32,22,57,177,12,33,30,14,71,31,27,33,16,61,64,155,12,20,41,35,40,16,4,30,39,53,17,34,10,19,22,18,47,51,13,61,16,87,35,25,56,32,16,19,12,36,11,12,34,23,14,26,66,10,4,9,74,28,24,22,34,15,7,15,22,21,53,36,39,14,19,10,11,32,61,24,33,21,23,37,22,10,14,33,24,46,23,11,29,47,20,14,40,25,22,20,76,34,38,48,8,28,47,60,14,18,36,38,21,17,20,33,20,20,21,59,16,21,106,22,21,37,15,19,80,26,23,22,22,31,26,14,18,97,20,12,15,30,20,17,37,17,23,13,55,25,36,29,16,20,33,25,13,17,35,36,25,10,20,11,16,6,24,39,25,20,13,25,19
C[C>A]A,244,284,113,230,129,254,50,318,125,116,86,119,204,134,187,95,206,122,204,148,142,108,119,116,115,115,93,238,69,180,183,202,184,190,68,135,61,57,200,135,108,104,175,61,203,87,48,161,165,244,67,141,85,199,128,69,130,202,84,185,82,133,110,81,93,139,235,475,105,88,260,134,165,166,204,125,146,34,97,48,26,18,92,17,25,36,21,108,24,12,80,75,38,41,30,37,28,16,31,150,79,65,28,25,38,15,19,30,13,20,25,73,101,27,66,33,96,29,43,25,38,167,23,44,32,52,142,19,96,27,20,16,22,40,40,36,24,26,58,22,36,13,23,27,50,261,22,35,41,20,114,45,27,25,22,68,124,210,10,16,43,39,38,28,15,17,30,67,24,41,16,35,16,27,39,78,15,99,13,99,37,27,107,39,19,12,19,32,13,16,45,31,18,49,118,12,11,12,128,33,29,25,41,17,15,19,24,34,63,59,42,13,41,19,9,31,50,28,27,24,22,33,17,18,20,29,33,32,34,11,40,107,16,18,77,16,14,20,66,48,36,53,16,24,46,116,33,28,41,64,29,18,25,30,22,22,13,85,14,11,116,10,24,44,17,19,73,21,15,21,28,33,36,14,27,139,32,24,20,29,14,19,34,28,35,17,55,21,49,47,22,20,79,53,15,25,38,32,23,12,42,13,28,4,43,54,42,28,20,21,16
C[C>A]C,238,219,119,215,103,235,35,291,120,104,69,112,211,127,178,97,163,102,160,133,106,68,129,87,70,80,54,193,86,161,175,152,181,221,66,125,69,47,205,119,93,105,166,50,184,76,54,134,145,185,66,122,72,150,116,63,100,163,110,143,75,125,100,90,93,110,199,447,92,69,257,131,169,157,180,133,110,28,58,33,18,25,55,13,26,41,13,43,10,18,63,93,20,21,35,32,14,24,17,137,49,65,23,18,37,15,21,18,9,16,29,52,45,16,40,24,46,24,33,19,18,158,23,21,12,43,73,12,42,17,13,13,23,36,22,20,24,18,42,15,35,7,21,19,46,191,7,27,26,13,58,48,15,15,18,55,70,128,14,10,33,18,30,15,10,24,26,56,15,23,6,22,19,21,30,49,11,81,11,71,29,15,37,14,23,14,23,26,10,10,42,15,12,17,37,9,12,15,107,32,23,25,31,6,6,7,20,19,43,26,30,7,16,12,6,24,52,13,16,8,9,18,10,14,9,26,18,35,32,15,22,42,14,13,28,21,8,9,47,17,21,33,9,26,32,69,19,16,27,31,29,23,14,13,11,17,11,59,17,12,97,19,22,26,8,9,56,17,8,13,6,26,13,9,13,65,18,16,20,26,11,18,31,18,26,7,51,16,24,32,19,27,47,19,13,15,34,25,23,6,41,11,14,9,27,34,24,14,26,20,13
C[C>A]G,35,46,20,32,20,32,5,65,23,22,20,12,25,18,22,14,26,16,27,12,14,10,16,17,18,10,14,23,7,34,27,17,33,21,8,33,11,4,40,18,18,14,33,7,28,9,7,24,18,35,9,18,17,29,16,8,23,35,22,28,8,33,15,13,16,17,36,70,17,9,37,31,19,33,23,17,19,8,20,10,5,6,24,6,6,3,4,18,3,5,14,27,4,14,5,5,3,7,8,16,11,15,11,5,11,3,13,3,4,1,5,4,23,3,7,5,12,3,10,6,7,34,13,4,4,6,27,6,13,5,5,2,5,4,5,11,9,3,12,5,5,4,1,3,12,53,4,14,6,4,25,2,2,2,7,7,18,39,6,8,3,7,3,7,1,4,9,8,4,8,4,2,3,2,4,10,4,11,3,21,6,4,22,7,4,3,7,8,4,4,5,5,6,7,21,2,2,2,23,10,4,6,15,4,1,5,3,6,11,7,4,0,4,4,1,10,11,4,12,5,9,2,2,1,3,5,4,7,6,3,5,29,3,0,10,6,1,3,12,4,2,9,3,3,8,21,2,3,5,10,13,4,2,4,3,3,3,22,3,3,9,4,3,8,2,2,8,2,5,1,4,5,4,3,3,29,6,1,5,3,4,3,14,4,11,4,6,3,10,10,6,14,7,6,1,4,2,5,4,0,10,3,3,0,8,7,8,4,2,8,5
C[C>A]T,243,264,101,207,131,235,26,272,134,110,79,114,191,113,221,93,164,118,197,132,120,72,114,104,73,89,72,209,53,162,197,159,147,240,83,108,58,39,208,117,87,105,145,46,181,75,53,105,162,212,80,103,88,162,100,78,140,128,109,119,86,89,123,84,81,128,230,501,100,68,237,115,159,163,163,148,91,23,65,36,16,18,69,14,23,35,16,100,29,9,70,88,30,30,12,44,22,19,13,119,61,67,19,22,41,18,22,27,9,24,27,55,124,12,47,25,71,23,40,23,26,203,26,24,25,65,119,14,74,29,16,14,15,27,32,34,17,33,67,17,43,11,12,19,51,223,17,26,36,8,98,58,24,17,17,57,92,182,8,26,29,26,32,22,8,16,23,53,16,27,6,19,17,17,26,64,4,64,7,72,29,25,71,30,13,13,17,35,11,13,39,10,21,30,79,10,8,20,109,36,17,20,29,16,11,17,26,28,51,50,42,10,17,13,7,33,48,23,18,17,11,23,14,7,14,28,27,27,22,11,30,76,17,19,45,23,8,14,86,25,24,60,8,34,34,110,14,18,22,48,25,9,25,17,28,20,11,98,13,15,90,18,25,33,7,13,80,19,23,11,19,19,18,12,14,108,23,17,14,30,10,19,43,24,30,8,59,21,45,38,17,17,50,30,10,25,30,17,18,9,37,7,17,11,22,44,36,11,17,21,15
G[C>A]A,146,199,82,155,68,133,37,175,90,68,53,79,137,75,139,59,115,68,123,95,85,60,77,75,63,60,55,141,46,134,173,138,90,103,47,79,47,26,134,117,58,77,98,43,84,51,54,91,90,156,52,79,57,188,67,62,81,106,64,92,58,85,82,50,56,106,176,344,74,55,189,88,140,74,123,98,89,31,83,45,15,35,69,24,31,35,18,101,21,11,95,64,52,43,29,38,30,37,47,95,85,70,20,33,62,29,32,38,25,27,20,80,158,39,69,41,112,20,46,32,34,174,30,51,29,42,161,26,140,27,18,25,19,58,50,28,23,49,69,17,42,14,27,47,61,218,18,49,43,15,98,31,16,8,17,63,151,159,11,26,48,38,52,28,12,33,31,66,29,39,13,48,17,19,53,41,22,65,11,85,32,43,140,70,33,16,23,59,14,19,36,31,16,95,173,11,10,22,111,32,39,40,50,38,5,16,34,24,74,29,57,19,26,18,8,54,90,33,43,25,29,22,19,8,17,47,50,45,36,29,28,124,19,16,47,30,11,22,62,53,32,42,21,30,30,116,35,33,40,74,43,25,48,34,26,38,15,81,16,13,71,22,28,34,23,20,65,26,17,29,44,37,23,14,22,154,64,16,26,28,25,24,42,28,21,20,50,21,45,44,26,49,33,87,23,50,48,40,10,23,38,21,23,13,51,78,37,33,24,27,35
G[C>A]C,126,144,66,108,51,142,23,183,95,67,51,85,147,76,122,73,146,60,128,83,61,62,86,56,61,84,44,115,45,98,101,137,113,123,36,57,47,20,110,87,68,70,112,25,106,41,34,67,91,125,48,81,36,96,77,40,65,92,71,83,68,105,73,63,41,75,149,283,64,49,194,85,81,124,110,102,61,22,48,35,30,19,37,18,16,22,15,38,15,13,54,53,15,27,17,25,18,15,35,98,54,50,14,18,22,27,16,26,9,18,23,52,38,15,37,14,52,25,29,31,23,106,23,18,12,24,77,7,36,17,9,17,12,26,19,14,18,24,35,13,27,4,15,14,36,129,4,25,25,3,70,23,13,14,15,33,38,99,10,21,28,31,31,30,9,17,22,32,15,22,14,21,18,22,29,24,20,51,8,46,17,18,44,20,16,10,18,26,11,9,30,17,11,23,78,9,14,12,67,22,21,31,22,20,13,14,30,16,40,28,21,4,21,10,4,23,39,18,14,9,6,31,15,15,12,19,21,27,22,9,25,47,14,9,21,26,12,13,50,24,13,32,8,15,35,47,20,17,27,40,28,14,20,21,18,12,12,44,12,14,66,10,21,21,16,14,50,18,5,8,13,18,20,8,21,62,25,23,13,16,15,16,35,15,19,7,44,20,25,32,16,30,32,12,11,21,36,23,14,15,21,11,15,5,28,33,32,24,15,18,25
G[C>A]G,24,34,17,21,7,18,6,37,9,18,17,12,22,5,22,9,12,6,15,18,11,11,9,10,9,10,3,17,4,16,18,20,14,20,6,23,9,8,20,16,13,11,21,1,16,7,5,12,11,24,12,10,8,8,11,6,6,15,6,12,6,16,13,19,14,12,23,50,11,8,24,14,16,15,22,12,12,11,20,6,3,6,11,2,5,6,6,14,5,3,19,12,6,10,10,6,4,3,19,15,21,5,9,12,12,6,9,7,2,2,5,8,16,6,9,4,7,10,9,4,11,28,4,5,4,3,17,3,13,4,5,4,1,10,4,5,7,7,8,0,10,6,6,3,6,32,3,9,6,3,21,8,4,7,3,9,17,27,1,4,7,7,5,2,5,6,9,7,3,6,1,3,6,5,8,11,3,7,1,11,3,8,19,6,3,7,9,4,5,3,14,7,4,12,11,3,2,2,11,4,8,9,11,2,6,3,9,3,12,6,8,4,5,1,4,7,17,5,11,5,4,5,3,5,3,4,12,7,7,10,7,18,2,4,5,6,4,3,11,8,6,16,2,9,9,12,6,8,13,16,9,6,4,6,5,3,10,21,1,6,8,4,5,10,5,6,11,5,3,1,5,7,10,5,8,18,9,5,2,6,9,8,12,4,4,3,6,4,13,9,3,10,18,12,4,5,7,3,2,4,6,2,4,3,8,10,7,2,3,5,4
G[C>A]T,160,165,68,137,80,141,28,181,83,81,51,73,129,70,144,55,110,64,127,89,75,59,81,67,61,52,57,123,44,113,129,143,101,102,56,80,50,30,124,83,42,70,106,36,97,56,34,83,91,141,45,68,42,113,77,47,77,109,63,103,51,94,65,50,40,76,163,336,72,47,172,82,117,75,133,106,69,22,66,46,22,22,64,8,23,24,18,81,12,6,54,65,33,28,32,35,15,25,28,86,54,41,15,24,30,20,21,21,14,12,23,50,121,22,54,22,81,20,41,20,27,111,30,39,17,38,126,9,107,17,12,9,11,30,29,21,19,32,51,14,33,4,14,17,50,187,12,30,30,16,71,29,14,10,12,48,96,134,5,17,40,37,22,29,13,15,17,48,11,28,5,38,16,21,34,39,25,47,15,59,32,28,87,38,13,11,12,37,11,18,26,21,12,35,120,6,8,9,73,23,19,16,38,14,5,13,21,17,63,24,36,18,23,13,3,33,38,13,30,24,19,21,11,9,10,22,25,24,31,16,23,81,13,7,28,21,12,11,57,28,19,34,14,13,33,87,18,16,27,47,23,16,29,22,21,25,14,54,18,13,42,14,18,17,9,19,57,13,14,13,31,14,20,7,14,106,40,24,14,25,14,14,30,13,18,9,25,14,36,31,14,21,27,53,19,18,30,24,14,9,28,8,12,9,27,50,30,10,9,21,24
T[C>A]A,202,250,147,184,139,296,36,283,145,225,74,89,224,82,122,120,167,121,194,113,94,73,121,77,99,120,89,280,184,144,169,162,197,138,66,250,80,41,206,166,94,104,175,55,188,78,62,133,150,175,79,214,85,204,122,81,197,247,174,150,124,143,93,113,93,110,260,356,150,92,324,127,187,179,199,149,131,40,104,85,44,43,112,18,55,62,305,263,45,39,114,148,52,45,41,56,27,36,47,120,150,138,25,37,68,43,24,39,28,18,58,105,136,29,66,45,106,36,72,36,54,558,38,64,26,88,144,30,99,46,39,20,35,74,47,42,37,40,93,31,124,11,15,39,69,1318,14,46,71,21,191,69,67,104,21,87,122,257,14,15,96,54,46,37,24,34,35,76,55,38,20,39,27,53,62,87,35,94,19,180,33,36,129,52,77,14,48,55,23,30,49,36,19,47,173,17,17,28,528,56,37,59,58,44,14,20,36,26,115,58,70,22,146,16,40,62,105,43,30,49,28,51,31,21,23,48,40,68,163,32,58,162,25,49,82,32,13,50,314,51,89,89,18,30,48,147,43,25,46,66,57,24,57,25,37,44,22,173,25,19,85,26,35,128,21,25,113,38,27,21,30,465,41,24,36,175,69,103,15,77,19,27,84,34,40,28,104,127,57,58,34,51,1426,72,26,28,56,38,24,9,54,20,25,54,78,62,50,36,22,81,31
T[C>A]C,191,178,128,176,130,296,34,272,121,166,66,106,232,113,126,118,179,108,214,113,107,81,112,81,94,103,72,181,126,154,131,167,149,151,80,175,67,44,181,145,115,114,225,40,156,67,70,141,125,157,85,153,86,150,121,70,158,228,104,115,88,126,105,77,81,105,211,351,133,91,304,156,178,149,179,121,120,40,94,52,35,39,83,22,47,66,144,145,27,31,98,115,43,56,54,40,22,25,75,154,122,92,29,46,51,56,29,51,23,26,47,87,79,24,71,27,99,28,51,42,52,263,32,32,29,67,143,26,69,47,28,25,24,58,25,46,34,35,64,42,67,13,24,39,66,563,15,47,50,26,103,53,48,45,26,75,94,170,22,24,62,45,33,41,13,34,31,70,46,44,21,45,43,38,52,49,20,102,17,103,51,30,94,39,62,21,46,37,16,22,41,48,18,37,121,19,15,13,272,52,38,49,56,29,8,16,48,24,67,49,45,18,83,20,27,54,79,52,26,45,23,51,19,20,27,37,32,44,77,33,28,98,23,21,53,54,16,25,136,55,59,64,13,48,41,120,27,27,52,77,53,28,34,22,35,28,18,92,27,26,81,24,36,67,21,29,106,47,25,23,31,206,38,23,21,148,41,53,23,55,29,27,58,31,32,17,67,75,50,48,27,55,582,45,23,35,52,39,22,14,54,20,32,33,53,55,67,25,13,59,33
T[C>A]G,17,23,16,18,17,31,1,29,17,26,7,8,29,9,18,14,17,13,16,10,10,10,19,17,10,12,8,19,10,14,26,19,10,20,5,19,8,2,22,25,9,12,26,7,20,3,5,22,11,16,11,20,14,13,20,14,18,18,9,11,11,17,14,10,15,13,29,53,16,10,37,10,24,19,21,12,14,12,12,8,2,4,15,10,10,8,15,34,9,5,14,11,3,15,11,16,9,10,15,17,26,13,6,12,11,9,10,2,3,3,11,12,26,8,12,5,15,7,11,9,7,49,9,9,10,4,24,5,21,11,12,8,4,13,10,8,6,6,16,6,17,6,1,4,8,112,5,7,11,3,28,9,8,11,4,10,27,26,5,6,10,7,6,6,6,5,6,15,8,12,3,9,8,8,11,7,7,11,2,20,8,6,28,5,11,3,8,11,7,4,11,4,6,10,23,4,10,4,45,16,4,10,10,4,3,4,8,1,12,15,11,1,23,1,6,6,16,11,6,7,6,7,7,7,9,5,4,8,15,9,4,19,4,6,9,8,2,9,19,12,8,11,5,4,5,22,8,5,9,16,7,5,9,5,5,9,6,18,5,4,2,6,1,9,6,5,14,6,4,6,6,41,7,8,5,24,11,11,5,7,9,8,16,5,8,4,8,12,13,12,7,13,86,10,3,3,18,14,1,3,5,4,6,7,6,9,9,7,3,9,6
T[C>A]T,253,307,152,249,173,297,49,329,151,200,81,100,315,130,187,107,207,114,254,133,120,120,187,103,109,132,99,335,170,175,241,278,179,194,100,207,99,40,268,206,103,178,207,66,230,103,84,168,163,240,59,178,101,200,152,88,162,226,155,166,101,156,122,123,90,131,322,507,163,105,388,159,237,221,191,147,148,48,164,90,57,47,156,36,69,67,194,297,50,34,174,159,82,66,67,96,35,56,71,156,171,154,54,49,88,66,45,67,39,33,63,132,225,32,93,66,174,61,112,43,67,415,58,76,25,121,277,22,223,60,40,33,28,87,84,80,44,68,133,39,92,15,26,50,94,937,24,57,102,30,253,86,54,95,27,162,209,319,8,30,94,108,86,66,34,44,49,112,44,71,24,78,41,52,73,169,37,112,37,174,54,51,185,87,74,28,33,80,40,34,56,47,23,116,232,25,23,37,341,57,49,57,40,44,20,15,49,39,178,74,111,25,136,16,24,89,156,65,36,83,44,53,31,20,38,43,88,71,104,38,52,247,29,29,93,57,18,41,245,69,76,105,25,36,57,219,45,39,71,112,61,34,68,45,55,56,26,200,41,20,104,38,56,106,30,41,116,40,25,28,36,216,43,28,31,224,84,51,27,74,33,35,71,29,40,32,117,135,70,75,47,37,710,117,27,60,66,41,30,26,56,19,44,35,77,114,70,43,24,87,37
A[C>G]A,158,199,77,171,135,250,51,272,181,98,76,144,166,73,118,118,141,114,205,104,111,107,136,88,93,58,62,145,61,172,125,129,113,108,38,83,79,26,161,88,80,51,182,34,94,53,55,159,157,303,45,87,91,142,121,59,115,208,74,135,50,118,167,61,126,137,246,466,83,74,161,175,123,139,123,191,141,35,44,18,17,15,38,11,18,32,39,36,11,12,34,54,13,24,23,28,8,6,17,91,29,29,21,10,24,19,12,21,8,8,28,33,31,9,27,14,28,29,21,17,22,150,13,5,12,18,79,10,21,26,9,20,15,20,18,16,13,12,26,6,18,11,13,6,30,238,3,24,17,9,44,22,15,23,15,34,33,65,5,9,33,12,24,21,10,21,21,51,10,19,4,9,22,9,18,47,10,50,7,76,24,20,29,8,15,12,10,24,13,8,24,15,15,10,27,8,7,15,111,20,16,15,22,9,5,14,25,22,21,40,28,10,22,11,9,21,22,19,12,6,11,20,13,8,12,15,9,26,22,12,19,31,18,17,20,21,9,14,35,15,32,26,9,15,28,62,12,17,19,29,13,18,15,16,11,14,12,48,15,13,82,17,18,33,6,7,51,11,10,12,3,44,21,18,11,53,14,21,12,50,9,9,37,10,10,19,29,21,24,33,9,10,95,9,14,24,16,29,12,8,22,6,9,7,18,17,18,13,13,12,14
A[C>G]C,71,133,53,102,102,138,26,153,101,61,55,70,111,35,74,54,78,78,95,67,57,54,64,60,41,44,39,89,37,100,85,76,76,84,40,54,39,22,68,73,50,46,116,14,68,45,42,91,77,157,28,42,51,64,48,28,48,131,32,58,44,61,98,50,63,89,139,254,49,66,101,71,79,87,68,90,62,5,28,11,10,13,29,6,19,24,11,31,7,9,31,43,12,16,15,11,6,14,9,70,23,29,15,7,16,22,10,17,9,14,11,39,14,11,22,11,27,18,19,18,26,92,7,9,4,20,50,8,12,20,10,9,10,13,17,7,15,7,27,6,11,4,11,11,23,112,6,15,8,5,48,20,18,16,9,25,18,39,5,9,19,15,12,24,10,14,8,33,9,12,5,9,16,12,13,30,8,28,5,41,18,5,19,10,10,5,11,16,11,9,11,12,4,9,25,8,8,7,79,14,10,17,14,7,3,10,12,8,21,26,19,6,8,6,4,19,15,7,6,4,7,17,7,2,9,14,4,24,17,8,16,29,14,11,14,14,8,9,24,7,22,16,4,18,10,39,10,11,14,21,14,6,10,7,8,6,7,30,9,11,43,16,22,23,5,3,40,15,5,5,4,19,10,11,10,29,10,14,10,27,7,11,26,17,21,9,23,13,23,14,10,20,34,11,4,24,17,15,12,5,18,6,11,4,15,16,20,3,7,12,13
A[C>G]G,26,92,24,38,39,69,10,100,49,39,31,33,32,12,36,22,39,46,34,25,31,24,32,24,20,17,12,23,15,60,58,22,18,22,9,51,8,5,38,19,12,15,81,10,22,13,12,55,43,52,7,22,41,36,38,10,22,45,16,22,14,61,23,10,28,37,59,128,18,17,49,34,20,44,24,30,46,16,11,4,6,3,5,3,1,4,3,18,4,3,6,6,3,3,3,7,1,3,3,18,4,6,5,1,5,2,6,1,8,9,9,4,7,3,3,5,6,6,6,1,4,59,2,4,4,8,16,7,5,7,0,5,2,2,4,5,6,6,6,4,5,3,5,0,5,46,0,9,9,4,9,4,2,11,3,4,14,13,4,3,10,0,1,4,0,6,2,10,3,2,1,5,1,7,2,11,3,6,2,23,5,7,8,3,4,4,1,6,2,2,5,5,4,3,3,2,2,5,15,2,1,7,8,3,1,1,3,2,13,5,4,3,2,1,2,4,2,4,4,4,3,3,2,3,1,8,3,7,3,1,5,25,4,1,9,6,1,0,7,4,7,1,3,6,11,14,2,6,1,9,3,1,3,4,2,1,4,8,2,5,8,0,5,3,2,2,4,2,2,3,1,6,2,3,3,8,3,1,3,11,4,1,13,1,2,2,5,3,4,8,2,4,7,2,3,1,3,2,1,2,4,1,0,3,8,9,3,5,4,3,4
A[C>G]T,180,220,84,177,157,257,40,287,186,124,72,182,149,75,110,98,158,138,179,103,100,106,112,81,98,66,73,128,81,170,119,138,114,108,54,114,94,32,151,107,89,61,209,32,113,50,64,159,171,312,39,104,97,171,128,66,110,250,62,122,51,105,183,59,100,133,263,479,85,98,175,167,120,164,111,193,134,25,37,23,8,13,37,10,25,22,41,41,15,14,46,60,7,17,13,24,12,16,16,98,40,30,20,9,14,16,15,18,13,14,23,35,28,12,28,14,26,22,25,18,25,165,14,11,12,33,69,10,12,20,13,14,9,28,27,9,33,14,31,13,18,13,14,11,34,275,4,21,19,19,39,23,12,24,22,47,39,64,8,10,19,21,22,25,12,24,11,43,18,12,6,16,5,20,18,37,3,52,10,87,18,18,17,12,22,19,14,30,9,8,37,16,8,10,32,8,9,13,121,18,20,24,25,7,3,9,16,21,32,42,19,10,16,12,12,19,38,16,12,12,9,25,13,6,5,12,12,29,25,8,29,51,12,16,27,16,11,5,49,16,18,18,9,20,24,58,12,13,18,24,25,23,7,13,13,15,5,46,9,17,105,13,12,31,5,6,50,16,6,10,10,33,19,8,14,47,11,17,10,39,17,8,31,13,11,13,46,31,26,36,9,20,113,3,8,19,23,20,12,12,25,7,15,15,14,22,16,9,14,20,18
C[C>G]A,107,119,62,134,125,199,28,215,138,107,56,96,112,61,111,71,103,91,120,53,95,76,85,53,57,58,41,117,53,110,88,99,85,110,35,86,58,25,119,87,72,51,157,31,89,28,55,114,105,200,36,56,69,90,67,40,83,177,63,73,47,93,105,43,99,88,183,301,66,61,147,132,73,113,105,103,92,15,28,16,15,12,20,5,16,19,38,23,14,12,22,53,10,10,10,15,4,8,14,64,25,28,9,7,13,5,9,14,13,10,16,27,14,4,19,13,20,14,13,11,20,110,17,9,12,11,40,6,11,14,5,7,3,22,19,11,15,12,9,10,19,7,4,6,16,245,5,22,13,8,23,11,13,16,9,15,15,49,2,3,16,17,11,13,6,9,17,33,8,10,5,9,5,5,20,28,5,44,5,54,23,7,15,8,12,6,13,16,7,1,14,8,4,3,21,4,2,7,97,11,8,19,19,14,2,6,7,15,16,27,14,8,21,9,8,15,19,5,9,7,10,18,4,6,6,12,3,13,20,4,8,40,8,10,21,9,6,12,35,18,21,12,5,16,20,37,2,7,11,20,13,9,4,3,10,7,13,19,6,10,48,8,8,16,11,6,35,3,7,7,5,37,9,8,7,38,5,14,6,33,5,4,31,13,12,12,18,24,15,25,8,10,116,5,4,5,13,11,5,1,13,7,7,7,8,12,17,3,14,13,9
C[C>G]C,105,102,60,140,76,159,28,173,136,69,54,103,107,48,94,54,89,67,130,67,71,60,73,54,48,43,32,97,53,86,79,93,79,105,43,52,60,25,98,69,49,56,145,28,91,37,35,99,71,155,31,49,44,65,53,40,61,133,53,63,49,99,101,41,74,83,174,272,65,58,128,96,88,99,81,71,83,19,24,13,11,16,24,14,13,22,8,19,7,10,23,34,7,17,18,13,8,15,11,71,21,23,15,9,13,10,9,9,6,6,14,18,15,9,22,10,26,12,12,19,15,84,9,10,10,17,29,7,16,11,6,10,8,14,20,9,10,3,23,11,15,3,8,9,14,125,4,17,14,5,32,18,16,16,12,19,24,53,7,5,18,11,12,12,5,13,18,28,9,13,11,9,7,9,20,18,5,36,8,35,14,9,19,4,11,7,8,16,11,11,18,5,9,7,15,5,12,8,63,25,17,15,16,2,7,6,16,10,24,29,10,10,13,5,2,8,8,8,7,10,7,15,9,3,4,9,6,22,15,4,14,17,8,14,17,17,5,8,27,16,8,15,5,14,9,26,5,13,8,19,19,13,4,11,7,4,9,16,9,17,49,9,7,10,8,6,19,11,5,5,1,15,13,4,10,30,7,11,9,20,15,10,29,7,12,8,25,11,14,18,7,14,29,5,8,9,11,13,10,1,12,8,7,5,11,12,10,10,6,14,7
C[C>G]G,40,78,21,55,36,60,14,73,33,27,22,30,27,12,32,18,27,37,49,25,20,25,42,20,11,20,11,18,18,46,38,26,23,17,10,37,11,5,30,16,20,14,64,4,30,9,16,46,32,44,17,14,26,47,18,12,25,47,15,31,8,46,35,11,39,34,69,119,21,6,44,42,26,44,24,32,33,20,17,5,6,3,11,4,6,9,5,21,12,7,8,22,2,6,4,4,4,6,7,17,8,12,8,6,4,9,5,4,2,4,6,7,6,6,3,6,5,6,8,9,8,56,2,5,7,5,28,8,11,9,6,4,3,5,8,3,9,3,9,4,4,3,3,8,6,59,2,11,17,2,10,4,5,13,6,4,17,18,2,4,7,5,6,0,2,11,6,15,2,7,1,4,6,5,4,7,3,14,3,24,9,9,13,4,6,4,4,14,2,5,9,2,3,7,8,2,0,6,39,6,7,12,9,0,2,2,5,4,13,6,3,3,3,3,6,10,9,4,2,6,4,6,3,3,5,4,5,4,5,7,6,24,5,5,5,4,4,5,4,5,1,11,3,7,2,15,4,5,4,7,10,2,3,2,5,3,3,8,5,3,11,3,0,10,5,7,3,7,1,2,3,9,7,2,5,16,3,5,3,10,5,3,21,3,4,2,11,5,3,11,3,1,8,2,5,5,9,6,6,5,7,8,8,3,7,5,4,7,6,6,4
C[C>G]T,144,178,82,190,166,279,49,316,174,141,69,150,199,72,140,94,151,126,237,75,113,104,100,94,92,86,49,150,65,140,120,157,96,134,46,104,100,29,173,108,63,73,220,34,106,51,62,155,162,231,50,74,82,106,127,64,104,233,82,130,44,129,142,76,118,136,265,424,94,89,201,202,140,164,136,147,126,26,33,28,15,17,35,10,18,16,44,34,12,12,29,55,11,12,20,24,7,13,18,109,30,32,13,6,13,23,13,15,11,18,17,42,22,12,30,14,30,34,18,19,12,147,13,13,16,23,55,11,17,24,8,11,13,25,33,15,28,16,27,17,20,6,22,17,24,308,12,27,17,10,35,16,26,22,9,19,36,74,8,12,28,15,20,19,15,15,24,44,11,19,8,12,7,15,15,40,12,50,8,58,19,15,21,10,10,9,10,29,15,8,21,14,13,9,34,3,6,10,128,25,10,24,22,8,5,11,28,19,29,45,16,9,25,10,10,14,25,11,15,6,9,16,15,7,9,9,4,16,36,10,15,25,13,14,28,18,7,4,51,14,21,27,13,18,25,50,5,14,15,25,22,15,7,13,10,8,12,37,6,18,87,15,20,26,6,12,39,13,4,10,8,41,14,11,8,38,19,27,14,37,11,3,33,20,18,13,34,23,20,30,17,17,136,9,7,18,23,12,13,14,36,11,12,12,13,25,25,14,9,23,14
G[C>G]A,63,82,31,76,69,117,16,129,75,46,29,64,72,23,56,49,62,49,95,41,63,38,48,28,49,35,27,75,27,68,68,53,63,77,23,40,37,16,64,55,40,30,97,21,51,38,28,69,55,170,17,31,38,83,55,28,54,92,41,56,32,51,76,29,50,65,131,187,34,50,90,77,61,81,47,79,62,6,17,16,12,8,13,4,13,10,6,13,6,4,15,24,3,12,5,9,7,7,7,50,4,17,6,4,6,7,7,5,5,4,10,19,15,4,5,4,11,13,12,10,10,60,5,9,8,14,29,9,8,7,6,6,4,18,6,6,11,4,11,11,13,1,8,6,8,102,3,11,6,3,17,7,6,5,5,7,18,20,4,3,8,6,13,10,3,8,8,19,8,11,2,8,8,8,16,11,3,22,4,30,8,7,9,3,6,7,5,10,7,5,6,6,6,1,13,6,1,4,57,10,4,8,12,5,4,8,14,4,10,20,10,4,6,5,5,10,13,2,4,3,3,8,10,4,3,7,4,9,10,5,10,19,9,7,14,9,5,7,13,12,16,13,1,8,8,35,3,3,6,9,10,7,4,5,2,5,9,18,6,7,35,7,6,12,3,2,23,4,1,5,1,17,4,1,5,20,2,13,2,12,7,3,17,13,9,4,15,7,16,15,2,9,30,6,5,16,7,8,5,5,12,1,2,4,6,14,7,4,7,7,11
G[C>G]C,70,100,41,92,56,123,18,127,67,46,29,59,74,27,47,30,65,47,56,44,47,50,43,43,30,34,25,73,33,51,61,64,81,66,12,27,39,16,71,55,34,37,80,21,58,29,21,75,53,139,18,36,33,49,51,22,50,87,30,31,32,50,69,41,60,54,109,183,39,54,67,66,56,80,61,67,50,12,21,8,8,5,19,4,15,20,5,12,7,5,17,27,5,18,9,19,9,4,9,46,10,29,16,8,6,5,8,17,9,6,21,15,9,10,12,4,17,16,17,10,10,56,10,5,3,17,27,4,12,10,13,5,6,21,10,9,12,12,13,5,11,6,11,7,20,100,2,13,19,4,34,7,11,7,8,38,20,32,1,2,11,7,11,10,5,12,7,19,4,6,6,6,7,7,10,17,8,27,3,42,8,11,13,6,5,8,7,11,5,3,13,5,6,3,11,3,6,6,52,14,9,11,8,5,2,7,15,5,16,19,4,1,7,11,4,10,6,3,8,9,1,13,8,5,6,10,11,15,13,2,11,24,2,7,7,8,2,8,27,15,17,13,2,10,7,24,7,12,11,12,5,10,14,4,8,6,11,28,3,10,37,12,11,8,4,3,28,3,3,8,2,16,3,10,4,22,11,12,9,23,6,9,18,5,3,6,18,8,15,11,5,5,21,9,11,7,6,5,7,6,11,4,8,3,9,11,10,9,7,9,4
G[C>G]G,25,29,10,20,15,25,4,54,16,18,12,16,24,8,18,7,17,23,19,8,11,8,10,7,15,2,9,17,8,26,20,14,11,13,3,12,2,4,16,10,2,5,29,3,9,1,2,27,18,32,3,4,13,19,25,6,13,20,5,12,3,18,18,4,25,17,39,55,15,3,36,14,14,18,6,20,21,9,3,2,11,2,3,0,1,3,1,7,1,2,4,5,2,6,2,2,1,5,4,8,7,2,5,1,2,0,4,2,1,1,3,2,6,1,5,1,1,1,0,4,2,16,2,0,5,5,5,2,1,4,0,1,2,1,5,2,2,0,2,3,1,2,1,5,5,23,0,2,6,1,6,2,4,3,2,3,5,8,1,3,6,1,2,2,2,0,1,3,2,1,2,1,1,1,3,3,2,6,2,2,4,3,4,1,2,3,2,2,0,2,3,3,1,0,0,0,2,1,11,1,1,3,3,1,1,2,4,1,9,2,2,0,2,3,1,1,2,4,1,0,0,3,2,0,1,2,2,0,1,0,3,8,2,1,2,3,4,1,4,2,0,0,0,1,4,7,1,0,3,3,3,4,4,1,2,0,4,6,3,1,3,3,2,1,2,1,4,2,0,3,5,2,2,2,3,9,1,1,2,2,3,1,4,1,1,0,3,1,2,1,2,4,3,0,1,2,1,3,1,0,3,1,2,1,4,5,2,2,1,4,3
G[C>G]T,120,123,64,109,93,212,32,212,123,67,60,109,135,43,106,71,104,94,152,77,89,76,72,79,65,46,45,98,51,117,95,99,87,83,38,74,52,23,79,79,67,53,148,24,62,35,51,141,100,205,21,40,61,110,76,44,84,181,50,92,40,66,132,45,112,82,200,340,57,73,118,107,112,112,80,143,91,14,18,15,12,7,16,2,6,17,26,27,4,6,18,40,3,13,6,11,5,9,10,72,20,17,6,8,9,11,12,9,7,11,13,25,11,8,16,6,20,14,10,4,13,89,14,5,7,15,27,3,9,10,5,10,8,13,14,8,16,5,19,5,16,2,11,7,25,174,8,15,9,4,26,10,14,15,8,18,20,38,6,8,12,5,10,12,4,8,14,24,7,14,6,6,4,7,18,24,7,37,3,54,8,7,13,5,7,5,7,12,13,7,18,13,4,2,19,8,2,4,69,11,14,10,16,2,3,3,9,6,14,22,11,2,14,5,10,11,18,9,4,6,5,8,5,7,4,12,6,15,14,4,15,18,12,10,14,14,3,6,29,10,18,14,4,6,20,34,5,7,11,23,14,10,11,8,5,6,8,18,2,7,67,6,8,17,2,8,24,9,8,5,2,22,7,3,6,28,6,7,8,23,4,4,22,8,6,7,21,19,18,23,5,8,67,9,3,6,10,4,7,1,15,7,5,9,11,13,14,5,5,9,5
T[C>G]A,198,295,313,238,841,626,59,628,284,1167,93,247,476,156,174,310,263,231,642,140,160,104,288,117,227,162,181,218,501,153,147,168,335,224,244,683,141,68,316,133,159,119,399,98,278,56,137,392,210,290,66,429,113,396,180,212,496,762,964,180,410,438,145,170,285,212,539,534,242,151,447,336,272,426,343,213,348,54,55,75,11,19,82,43,120,47,1719,837,71,48,50,269,9,21,26,26,8,40,13,110,213,173,28,3,21,29,10,23,33,18,78,82,43,15,29,29,86,29,41,23,37,2500,14,43,9,58,78,20,19,31,22,51,20,207,55,89,45,48,30,13,253,13,15,12,64,5314,6,47,95,16,55,95,383,635,12,48,25,111,10,29,227,43,26,28,67,14,18,129,277,33,7,19,11,137,89,107,5,81,11,724,47,10,22,15,318,15,93,29,23,13,26,49,27,11,146,8,35,27,2831,46,26,85,88,9,8,27,30,16,108,55,143,7,596,6,178,29,37,55,19,111,13,25,15,13,8,15,8,26,807,15,47,64,18,223,152,47,12,177,913,27,299,68,10,26,38,126,9,17,32,58,35,36,26,27,6,73,25,84,12,23,76,32,27,390,8,6,60,11,5,16,6,1924,81,74,27,117,14,400,7,448,12,16,75,22,24,108,130,682,27,57,24,21,6344,14,32,51,53,37,14,6,55,9,11,263,113,27,93,14,11,323,11
T[C>G]C,159,176,145,192,371,438,37,354,222,388,65,149,242,97,128,131,141,156,322,107,103,82,132,85,143,90,100,184,159,127,127,149,143,158,87,200,94,40,173,111,92,81,253,41,123,67,70,209,106,201,42,155,96,175,137,92,183,428,258,116,137,192,122,99,162,158,316,375,168,112,231,208,192,202,228,131,200,37,47,34,17,24,48,14,41,26,326,181,23,19,33,117,9,15,24,22,11,23,26,79,56,85,20,6,24,19,14,20,11,11,24,58,27,11,21,12,46,19,21,15,14,539,6,21,10,35,73,10,13,14,8,20,12,53,26,29,23,13,20,15,82,9,14,11,33,1185,8,24,42,10,42,38,79,118,13,29,36,76,5,15,55,20,14,20,12,19,15,60,72,24,8,11,17,24,36,40,5,56,11,184,26,11,24,6,68,11,28,25,16,15,21,20,13,8,42,6,11,28,630,21,26,32,41,15,5,10,14,25,55,35,40,6,102,6,41,20,21,17,15,30,8,14,13,10,4,18,14,27,216,8,17,41,12,47,43,27,9,38,227,25,95,30,3,22,23,67,10,19,15,32,28,22,17,12,9,17,10,51,11,7,62,12,15,91,6,12,61,16,9,7,9,351,28,19,20,64,10,93,9,107,10,16,38,17,21,43,64,109,22,37,18,17,1316,11,17,24,27,12,9,8,44,10,15,56,44,29,38,13,12,73,13
T[C>G]G,33,42,15,39,46,47,6,56,20,64,9,29,31,9,27,12,25,24,42,10,15,13,22,14,19,7,14,10,26,40,18,15,30,14,9,43,7,5,32,7,19,12,35,6,16,6,9,38,24,36,3,21,18,43,14,10,23,43,38,22,20,27,28,13,26,22,46,60,14,10,39,24,18,42,23,32,32,12,4,8,2,1,12,4,11,5,50,52,9,4,8,13,3,1,3,7,2,4,3,4,17,8,7,2,1,6,2,3,3,3,8,7,8,6,5,7,8,3,8,9,5,131,1,6,1,6,18,4,7,5,5,7,2,15,4,3,3,7,8,3,17,3,3,7,7,183,0,8,16,3,8,5,16,24,2,3,8,22,1,2,7,4,2,2,3,2,3,5,26,4,0,4,3,8,4,6,6,9,4,55,4,2,12,3,20,3,6,9,3,1,5,5,5,3,14,1,5,4,115,8,6,7,7,3,2,3,4,5,9,4,9,3,16,5,4,3,2,6,2,7,3,5,2,1,8,3,1,3,22,2,5,8,2,2,9,3,1,4,40,3,8,10,3,8,2,4,2,6,3,4,6,2,2,3,5,5,4,6,5,3,8,2,4,22,3,6,6,6,1,3,0,90,2,3,2,9,3,17,2,18,2,1,11,1,1,8,12,25,6,7,3,3,214,1,3,2,3,1,2,1,5,2,3,10,8,3,6,3,0,22,1
T[C>G]T,325,461,419,404,1125,1032,116,1042,537,1415,132,383,727,284,314,385,389,345,1053,205,221,180,454,220,389,266,264,432,736,320,261,308,461,385,312,874,254,132,500,274,279,234,744,145,383,116,256,586,330,459,121,553,210,552,407,293,659,1147,984,302,498,507,325,244,447,345,842,906,444,302,700,595,436,636,586,403,565,85,124,134,16,44,159,45,169,69,2158,961,115,78,101,410,26,42,54,38,28,58,35,220,287,255,51,11,41,46,24,42,60,27,105,131,76,30,45,36,168,44,67,37,65,2598,29,56,27,97,126,23,27,61,34,55,31,304,69,122,103,90,63,34,471,16,34,25,108,6306,21,69,141,36,125,132,410,696,30,130,55,231,25,55,335,64,42,53,78,30,38,184,359,53,17,31,28,202,112,151,10,141,26,1023,101,28,47,30,409,19,109,77,44,16,71,61,20,15,180,11,33,62,3026,47,50,123,138,33,19,34,51,44,135,85,154,17,751,19,206,58,69,121,30,136,26,39,36,21,28,35,16,68,1005,37,69,106,27,284,229,102,17,192,1137,41,378,147,13,70,76,236,13,37,45,101,66,59,33,38,30,113,39,148,19,30,178,52,50,590,15,22,121,29,6,31,14,2337,109,93,34,182,17,420,23,526,20,32,153,39,38,137,206,939,68,124,59,35,8403,27,57,67,81,38,22,15,94,13,29,350,148,69,168,26,26,458,39
A[C>T]A,229,205,101,213,89,249,53,284,662,122,60,115,230,106,198,105,182,135,204,124,160,105,129,112,101,141,77,230,65,180,194,197,142,151,63,155,74,49,260,158,120,124,191,54,152,92,68,145,166,224,57,117,74,165,118,82,160,181,88,159,121,123,114,98,98,140,242,420,93,89,225,162,136,153,168,152,110,49,98,38,57,54,82,21,56,62,68,116,54,39,94,130,34,61,44,54,25,44,61,154,92,104,58,29,57,48,47,60,46,30,83,102,86,46,53,50,63,36,58,50,52,260,51,34,54,49,181,36,64,52,38,31,34,62,52,43,46,51,100,43,59,23,43,45,74,296,23,95,56,34,102,54,62,46,47,83,104,192,20,41,68,44,60,39,21,42,55,72,45,60,26,37,40,58,67,85,27,83,28,132,43,57,88,39,64,29,48,56,36,29,63,45,34,46,115,28,22,37,182,66,43,55,38,22,14,38,50,37,68,48,48,17,57,38,31,53,83,54,42,39,32,63,53,21,42,48,35,87,48,44,58,118,33,36,49,61,24,30,86,73,58,91,20,65,65,124,44,55,50,72,56,32,31,25,41,40,30,110,23,54,113,47,45,73,26,34,106,88,34,35,25,88,52,46,46,125,32,71,23,54,36,35,70,42,53,43,77,53,73,91,32,49,287,30,23,31,45,47,39,27,40,22,37,34,53,65,62,27,40,37,50
A[C>T]C,89,102,60,117,46,148,29,148,553,55,34,57,149,61,84,55,95,50,107,64,57,61,55,56,60,53,39,104,60,96,68,105,80,80,45,63,48,27,128,70,56,57,80,31,99,51,32,74,84,100,34,78,37,77,75,35,58,102,35,78,63,60,69,50,66,73,127,219,70,44,141,76,86,86,75,66,70,31,55,26,28,38,81,14,22,37,27,63,25,34,63,69,18,42,35,36,20,30,39,72,68,47,48,24,50,43,27,38,17,25,37,56,44,19,60,38,49,35,35,31,42,145,33,17,21,30,105,23,46,30,29,30,23,37,29,19,32,29,52,29,37,8,29,16,44,136,20,63,27,20,59,34,32,17,26,58,42,84,6,28,43,26,34,23,10,38,38,58,29,38,16,20,39,25,48,32,13,55,19,55,40,23,59,27,31,22,33,33,9,21,36,27,27,23,64,14,14,19,97,31,30,29,53,18,7,19,20,30,64,28,31,16,36,22,16,31,35,35,20,29,26,32,23,18,22,21,19,44,38,22,25,57,17,25,23,36,25,23,42,41,30,62,13,40,46,77,24,17,50,46,37,34,40,12,24,24,25,90,17,27,60,27,35,46,17,23,86,42,20,27,13,35,23,25,39,75,25,30,19,35,29,20,45,24,33,17,49,27,52,55,17,43,96,19,19,16,31,29,30,18,23,10,23,22,52,47,48,26,33,24,28
A[C>T]G,178,150,137,227,118,261,56,327,208,123,76,147,165,205,261,92,189,162,185,99,109,105,157,109,106,87,100,206,102,166,150,181,93,190,77,125,77,75,298,141,109,114,168,88,149,126,76,199,124,216,99,141,93,161,119,96,164,172,123,180,118,174,144,63,112,163,288,353,132,184,253,189,149,144,233,161,128,100,274,140,134,214,184,81,126,146,71,169,86,99,308,241,91,226,160,187,131,136,136,259,260,335,125,135,201,148,91,122,89,102,152,311,322,221,191,122,268,126,214,172,195,451,136,89,110,104,441,104,279,75,78,69,115,121,119,102,156,152,271,108,159,57,119,101,237,335,72,146,139,72,298,176,134,93,120,285,244,423,64,97,147,107,117,130,61,91,160,160,79,126,103,121,92,128,216,207,68,110,58,188,119,129,243,128,133,103,84,184,108,109,243,124,110,114,446,71,81,102,472,176,147,169,258,82,58,89,105,125,151,133,135,56,127,81,70,127,201,170,130,110,123,132,114,83,102,88,132,188,109,175,91,202,102,82,114,195,72,62,103,159,127,270,52,148,193,378,151,111,154,229,252,124,129,47,118,81,144,170,98,123,150,105,156,168,89,110,207,170,88,91,101,97,140,125,132,239,124,112,59,124,87,93,167,86,96,106,95,169,344,198,112,123,204,119,86,84,366,232,71,50,196,82,86,75,218,157,206,130,91,89,133
A[C>T]T,186,197,86,169,115,192,37,284,223,99,43,113,232,89,174,88,143,101,190,109,118,104,123,102,83,101,67,221,84,185,183,161,112,166,67,122,78,41,196,125,81,100,186,38,110,74,67,143,135,168,66,118,55,194,130,64,144,156,71,129,61,96,129,61,84,104,200,421,95,118,239,102,167,150,156,155,101,42,67,37,45,38,59,15,40,31,39,90,29,25,68,97,23,52,33,50,17,26,44,124,53,78,37,28,35,30,27,30,26,25,63,62,43,25,41,41,53,34,45,37,49,166,38,15,24,28,123,24,47,38,27,19,27,30,28,15,32,32,57,25,45,9,22,22,58,166,18,68,34,10,111,37,36,35,33,35,75,139,20,28,51,31,33,28,16,41,38,46,25,36,22,31,29,29,48,62,17,57,19,52,40,28,61,19,31,19,42,40,24,17,38,30,22,33,61,16,17,20,105,39,32,34,36,26,17,23,36,27,51,33,18,15,26,21,13,39,40,35,34,23,18,22,30,12,25,35,37,40,33,25,29,85,32,30,39,43,18,18,66,46,28,74,9,37,51,84,24,41,51,47,45,29,23,15,17,24,22,89,17,23,86,21,29,42,9,24,60,43,27,32,18,47,26,26,21,94,28,47,23,36,25,28,46,22,40,25,54,46,35,65,15,47,111,23,28,13,48,34,25,21,29,18,21,17,47,37,42,24,33,29,30
C[C>T]A,136,122,90,141,70,270,38,229,706,112,62,83,187,78,97,68,150,85,159,79,84,48,87,63,80,104,74,176,86,105,139,153,130,119,60,94,68,30,190,123,92,98,137,52,187,63,32,100,87,126,65,122,55,123,85,51,120,176,103,119,74,86,84,66,77,115,168,304,106,73,223,114,133,139,141,117,100,48,110,34,52,66,100,27,68,50,98,124,33,33,93,125,35,50,41,68,24,39,69,136,105,121,53,39,59,64,49,53,43,37,60,98,58,41,67,44,87,30,67,51,53,258,41,26,38,40,121,28,64,59,33,32,43,58,52,32,39,46,78,21,67,19,37,24,66,338,22,80,49,22,89,62,67,52,39,85,93,162,16,49,55,44,49,36,20,49,42,71,57,63,30,40,37,64,52,65,26,74,27,119,41,44,110,39,60,29,51,57,27,29,42,43,32,35,98,20,15,29,171,45,39,43,60,34,9,26,48,41,74,63,45,19,80,31,30,49,57,50,33,45,28,42,42,31,28,48,47,66,95,40,50,84,34,38,68,55,16,30,117,54,60,99,23,51,39,96,47,36,44,74,59,51,51,28,35,37,30,133,30,40,82,44,42,76,16,29,91,83,22,42,34,125,56,33,47,125,31,72,29,61,38,30,53,40,58,36,63,67,57,78,38,60,587,41,18,22,47,37,30,20,47,24,32,36,65,56,62,42,48,63,46
C[C>T]C,124,97,78,103,63,153,27,192,649,63,49,72,209,80,107,39,117,68,87,65,57,46,55,52,48,84,64,144,46,77,92,116,89,271,54,80,52,36,141,104,68,79,110,23,115,56,26,78,80,107,73,102,40,76,62,38,92,115,68,86,78,68,67,47,73,75,115,267,84,77,253,75,118,243,105,72,72,37,81,35,55,33,88,18,43,41,46,70,33,49,66,82,23,45,37,45,32,36,64,106,66,82,42,28,76,60,38,37,25,45,48,80,70,47,68,45,78,31,70,49,40,138,49,18,38,48,90,26,65,39,27,39,26,66,49,27,40,43,75,42,47,19,23,42,52,150,21,80,40,28,83,39,43,25,47,77,74,145,17,32,53,39,64,32,17,53,42,59,42,47,21,28,34,42,59,59,23,66,21,74,33,41,87,47,53,20,35,66,35,34,59,45,31,28,71,18,10,15,119,47,50,44,61,26,17,20,47,52,61,54,40,19,42,31,17,46,59,50,38,37,35,41,30,39,39,26,49,72,51,42,45,58,40,28,43,54,31,36,61,42,42,104,10,49,48,86,46,37,56,62,51,53,56,21,39,29,20,111,40,39,65,33,36,53,28,33,88,53,30,40,21,47,37,35,43,104,24,48,33,31,46,37,37,36,45,29,62,41,74,86,26,61,150,30,22,28,45,33,33,13,38,27,37,32,54,67,44,28,32,36,49
C[C>T]G,144,111,77,147,89,193,66,222,176,90,51,98,142,116,167,54,124,117,111,65,64,66,98,74,64,67,53,93,75,102,106,124,86,120,46,104,41,35,181,98,88,70,127,48,86,69,69,127,69,146,71,90,65,105,78,46,94,135,94,107,73,116,100,57,75,84,212,255,92,117,165,138,87,100,122,111,80,55,158,85,102,111,137,67,81,93,62,141,72,73,176,140,61,131,84,126,73,79,100,152,160,194,80,83,126,103,69,81,65,80,89,145,173,150,109,94,148,84,160,95,83,301,88,56,65,64,293,75,175,56,65,38,73,70,80,65,105,106,180,61,120,36,68,70,148,243,37,118,82,43,182,106,93,52,68,152,173,302,44,77,94,80,92,85,41,66,100,110,63,67,51,82,47,100,135,118,48,82,36,118,72,84,126,81,107,56,88,123,73,63,128,62,73,65,267,62,59,46,283,98,93,106,144,60,31,41,73,84,97,74,61,51,90,36,43,63,110,105,83,75,72,90,57,51,64,72,82,110,92,101,52,130,48,54,80,113,42,44,82,114,83,166,38,101,103,224,82,57,96,175,155,78,84,61,68,42,86,152,60,72,96,73,99,105,60,61,117,116,56,63,63,85,103,80,85,173,87,103,52,70,58,72,103,44,80,70,81,95,222,105,58,86,240,72,57,54,198,147,59,38,109,49,53,50,112,114,136,76,58,94,76
C[C>T]T,197,215,113,234,127,266,49,297,348,117,72,134,312,127,202,72,184,116,177,114,120,96,131,103,109,117,98,228,98,175,194,164,170,256,86,139,76,55,219,147,98,118,176,47,171,70,66,151,174,179,89,129,78,171,135,82,135,207,104,119,104,129,127,96,85,137,221,504,119,90,327,114,166,260,237,156,114,43,107,52,43,42,118,26,65,65,71,131,38,34,94,120,36,64,41,49,30,49,68,151,108,89,53,36,67,52,55,55,28,50,66,79,75,44,58,53,83,34,68,59,50,221,40,31,39,52,129,37,73,62,35,31,38,84,52,36,48,43,111,35,68,20,45,29,74,280,19,74,60,21,102,55,48,44,49,60,97,144,22,50,61,59,70,38,21,55,39,73,57,49,29,35,46,53,64,72,32,78,45,91,51,48,91,31,58,32,65,50,25,38,54,40,26,38,103,27,20,30,151,44,52,41,61,27,14,32,52,46,62,56,43,29,70,38,20,52,71,49,40,45,33,61,38,27,37,46,43,65,68,47,46,99,43,34,59,55,22,21,90,60,49,104,20,55,59,94,46,51,70,72,52,65,49,31,37,37,25,124,38,37,96,50,49,65,24,37,95,75,29,41,32,92,60,39,56,129,34,58,31,54,43,32,70,42,47,26,76,58,67,74,29,59,282,38,25,32,76,54,36,21,47,25,25,35,77,57,62,32,49,56,61
G[C>T]A,141,133,92,123,74,236,35,191,494,74,38,73,164,77,115,76,131,103,134,93,75,101,99,60,72,86,64,159,59,110,112,142,108,92,48,96,52,39,159,119,75,88,164,48,90,81,50,99,91,145,53,123,55,96,88,60,87,140,61,127,96,90,121,65,67,96,149,322,88,76,156,156,106,113,127,131,74,40,113,37,51,52,82,21,57,61,73,92,27,34,72,125,28,70,44,55,28,32,52,135,88,97,49,38,54,71,29,50,28,26,56,126,64,34,69,44,87,33,50,66,52,217,37,23,42,34,115,19,61,50,28,28,27,59,42,31,36,38,69,40,54,16,34,29,70,255,20,56,43,19,87,43,47,43,39,73,89,146,16,31,52,28,49,33,19,50,34,54,46,53,22,36,40,52,52,57,32,73,31,68,41,24,84,44,52,18,37,48,22,27,37,34,31,27,84,24,18,19,139,50,46,65,40,20,19,19,52,38,61,35,43,16,72,25,23,60,74,48,40,30,28,44,31,20,16,31,46,59,60,44,47,74,31,34,51,42,21,41,88,45,59,78,16,48,34,91,29,31,67,55,54,33,46,22,34,32,37,102,39,41,83,29,48,63,21,33,81,61,20,37,37,71,58,21,49,105,36,58,22,36,32,28,36,33,41,21,43,59,57,49,31,63,283,26,18,32,48,30,29,21,36,25,32,30,43,34,63,33,31,38,33
G[C>T]C,99,95,77,115,56,145,35,173,503,75,27,64,142,73,84,67,127,73,87,51,58,65,74,61,57,74,48,139,61,83,92,109,77,114,56,73,65,46,134,86,73,73,97,34,83,68,40,82,60,141,72,76,38,78,80,39,80,101,52,103,84,80,80,50,60,74,123,226,78,74,147,88,99,92,105,80,71,32,77,33,36,48,87,22,53,42,34,72,45,30,78,90,35,72,42,55,33,37,59,110,76,76,49,31,62,63,48,50,21,45,50,88,62,26,52,41,61,35,56,53,38,156,45,23,24,38,125,31,50,31,22,18,28,60,43,25,30,35,68,33,49,16,27,36,57,168,12,56,40,12,84,48,42,28,33,65,75,99,17,31,59,42,47,46,9,40,36,63,29,49,29,28,37,47,63,54,21,60,23,69,30,20,72,35,44,16,30,46,27,33,52,39,22,39,85,29,18,22,115,40,46,45,39,23,12,24,43,33,59,44,44,21,45,26,12,52,76,35,31,29,36,32,32,31,31,24,39,56,49,36,34,76,28,21,41,59,18,24,64,46,31,66,9,51,29,112,43,46,47,57,51,47,54,17,42,35,20,109,25,40,70,37,21,40,20,30,68,57,32,52,36,41,37,30,41,88,33,43,27,34,25,32,38,24,31,28,46,40,53,64,30,41,130,35,27,25,51,38,20,19,43,20,33,12,54,59,51,32,31,31,47
G[C>T]G,180,138,110,183,89,207,49,256,160,98,58,91,111,160,187,61,151,97,127,84,77,82,107,77,72,63,92,163,73,121,128,140,85,143,69,71,50,50,187,106,93,101,136,63,116,96,52,137,109,203,110,73,53,103,75,56,124,153,102,128,90,116,100,74,74,123,224,292,120,162,215,127,107,114,145,104,96,82,194,109,119,136,154,58,107,117,56,142,81,65,285,178,68,198,116,157,92,111,124,227,222,227,109,131,164,112,63,98,73,63,132,168,213,164,154,114,179,83,176,93,142,341,89,90,82,85,363,83,210,76,62,46,90,107,108,87,106,124,211,66,133,55,69,82,183,259,56,116,110,45,219,124,139,63,115,222,221,301,50,87,109,95,101,101,46,59,114,138,73,92,75,82,66,101,152,140,66,94,69,185,81,115,159,92,112,65,114,142,91,63,181,89,68,77,294,61,58,49,348,124,132,122,205,65,45,58,90,87,128,101,73,65,101,56,47,89,166,114,105,84,91,82,74,67,76,70,139,110,90,133,67,154,70,51,98,155,40,62,84,117,102,226,37,108,157,336,112,67,111,188,193,84,129,55,84,56,94,169,80,74,126,82,109,114,69,75,135,155,60,56,82,77,124,81,87,177,103,104,43,88,82,70,114,55,89,66,97,118,277,109,58,122,177,63,50,46,249,178,59,44,138,62,63,61,155,135,165,104,92,70,94
G[C>T]T,163,105,64,134,66,142,33,194,192,90,35,91,165,70,107,53,106,82,136,56,81,80,86,64,72,75,62,150,57,109,117,129,111,106,48,103,52,35,149,93,72,76,106,46,88,51,50,101,96,121,58,69,34,128,86,41,92,107,62,101,69,86,102,55,72,95,144,268,75,55,134,118,111,91,107,94,80,25,75,31,39,33,74,17,30,39,35,66,25,26,68,110,18,40,49,42,22,36,45,113,80,73,30,32,56,42,43,41,28,33,43,69,54,35,50,40,68,29,43,44,48,156,33,9,28,42,104,27,50,29,32,23,28,56,29,18,31,34,74,35,46,16,28,29,59,173,17,55,32,15,84,36,38,30,39,60,77,116,17,17,47,37,40,33,23,36,30,51,32,30,22,24,32,35,48,54,28,58,18,70,34,26,52,27,43,20,32,46,19,23,31,42,16,21,74,15,13,18,109,32,31,30,28,19,11,27,35,32,56,36,38,21,43,25,12,47,61,29,23,27,23,36,27,13,22,24,37,43,53,24,34,68,39,27,36,39,14,30,56,43,34,83,21,44,46,98,45,27,37,66,39,38,35,22,33,23,29,110,20,39,73,21,30,43,22,38,71,48,29,30,24,53,37,22,29,92,19,39,26,35,32,32,50,22,40,26,53,41,46,71,29,35,128,29,24,26,53,37,23,18,22,22,23,18,61,48,55,24,34,32,34
T[C>T]A,188,202,331,220,321,538,53,464,864,902,59,137,505,297,136,160,321,157,463,115,102,95,241,95,214,295,209,334,656,134,442,210,342,271,307,628,179,77,444,215,173,186,248,135,413,94,104,249,151,155,113,541,72,271,165,224,453,424,786,153,635,483,115,190,180,152,370,424,290,143,588,226,325,343,275,154,161,67,311,155,39,59,233,115,404,105,2477,1923,193,187,134,558,45,83,106,86,60,64,108,169,787,428,58,52,110,120,66,47,90,50,270,160,109,50,107,72,195,46,159,89,76,2956,49,77,23,140,155,106,110,117,92,82,58,328,92,119,102,202,169,160,886,42,33,60,115,4503,16,93,159,27,168,166,421,714,62,124,105,366,22,176,352,107,77,51,164,51,87,190,768,162,33,76,47,544,141,127,40,111,38,1122,90,27,189,80,850,26,211,92,57,41,83,119,40,55,608,37,102,74,2623,91,74,234,211,64,17,57,61,68,288,103,180,21,1592,28,284,116,107,288,56,336,46,66,37,47,28,72,67,110,1487,83,111,123,35,637,278,81,21,374,1617,84,485,688,26,110,105,191,44,65,156,129,120,146,164,49,54,257,44,291,83,84,99,82,96,612,37,84,126,203,31,121,43,2783,213,185,166,333,34,1026,48,390,47,99,100,66,288,201,308,860,104,179,72,76,14895,141,98,44,94,145,35,31,108,44,40,604,214,94,195,50,70,675,86
T[C>T]C,153,142,172,163,148,329,37,304,918,261,56,114,327,117,103,91,162,88,242,92,62,66,109,84,142,208,91,231,200,84,258,164,150,217,103,192,83,62,202,179,114,120,186,73,205,87,51,133,108,130,87,185,47,136,128,94,186,230,191,131,198,163,99,104,93,112,254,296,172,121,319,146,214,176,171,92,125,55,177,75,51,61,188,42,120,63,522,454,79,71,102,232,40,56,61,65,41,52,77,132,286,199,57,40,89,77,62,54,55,51,131,149,87,54,94,59,118,52,104,61,76,646,57,43,34,63,167,44,71,91,42,36,48,125,73,60,54,73,119,81,246,25,44,38,94,908,28,63,73,24,127,79,120,156,49,92,77,255,25,59,113,81,80,47,60,67,54,97,200,84,35,48,55,146,91,88,27,98,31,323,50,34,180,62,204,41,98,67,47,40,71,66,34,29,206,33,47,29,543,66,59,96,96,26,19,26,55,65,110,68,92,25,385,29,55,80,85,101,46,107,52,52,44,31,30,54,62,103,327,57,81,108,38,144,112,83,37,77,314,73,137,245,20,69,54,186,44,61,83,96,74,103,110,37,49,76,33,214,57,65,95,52,89,156,27,56,140,157,34,57,27,496,104,67,75,183,32,206,35,100,38,41,73,34,95,68,111,186,100,106,56,64,2808,53,50,32,88,77,41,23,81,29,50,143,118,91,93,41,59,170,67
T[C>T]G,93,75,60,106,77,141,30,162,154,103,43,72,104,90,77,39,76,74,115,50,47,50,90,59,72,59,55,89,69,73,88,89,64,91,48,96,44,31,118,62,51,50,84,31,68,55,55,87,69,91,48,86,37,90,74,47,108,102,119,75,112,103,77,48,72,67,126,157,70,94,116,84,87,90,90,64,64,53,115,78,50,68,111,56,111,71,345,308,72,49,126,135,47,89,70,81,73,76,79,85,233,211,55,50,85,68,43,53,68,52,125,129,123,85,80,68,113,48,106,61,82,546,57,44,50,71,203,65,142,50,46,34,62,86,62,73,62,93,143,72,202,27,51,51,107,510,27,65,86,20,174,80,131,125,52,105,143,191,25,66,92,47,62,50,63,39,65,74,114,71,34,48,40,131,111,89,35,53,25,262,56,64,102,67,182,29,85,82,49,61,81,52,36,57,252,45,37,60,464,87,75,93,129,36,20,51,55,48,106,43,79,34,241,27,43,67,88,112,55,103,61,60,30,29,45,55,76,78,250,71,48,89,36,103,100,76,37,67,201,77,98,219,18,76,94,184,61,47,94,121,118,56,69,39,57,74,60,140,43,51,75,60,74,138,36,50,69,79,37,51,54,311,118,86,81,123,49,206,49,74,37,53,82,32,76,48,76,197,135,89,33,79,1587,64,61,42,160,93,45,31,61,36,42,127,108,91,92,49,51,157,63
T[C>T]T,184,229,210,195,187,439,53,373,463,378,65,128,390,195,139,118,219,102,332,109,104,89,138,109,158,250,158,320,408,139,398,215,264,295,184,314,115,61,316,183,168,169,233,105,255,108,60,177,157,148,83,267,75,208,166,120,316,303,410,146,338,252,108,116,97,135,347,443,231,140,428,227,305,280,217,136,138,71,246,95,61,58,216,76,207,66,1249,1089,137,103,114,349,36,50,56,72,41,58,93,143,501,288,49,34,80,120,58,66,55,49,187,142,95,43,79,57,148,45,115,73,62,1414,63,56,35,93,168,93,87,115,70,49,55,182,78,76,67,135,139,104,497,32,41,44,91,1831,17,99,131,24,151,115,274,358,47,118,115,295,24,110,252,99,79,33,98,44,66,112,421,97,28,52,43,347,133,119,44,97,34,712,80,42,170,47,492,18,104,73,47,40,62,79,40,34,390,28,69,47,1150,59,61,158,143,54,19,49,48,61,162,77,128,22,814,19,122,89,91,212,40,226,51,65,43,38,28,67,69,113,792,57,73,94,43,344,214,91,34,190,681,82,240,486,33,65,76,159,42,62,109,99,102,103,138,49,55,169,48,257,57,55,97,46,88,326,39,51,131,175,34,106,33,1325,153,142,124,222,51,515,38,212,49,81,90,45,203,124,183,455,100,126,75,80,6976,112,67,48,76,100,41,12,77,33,31,310,139,96,133,36,50,372,72
A[T>A]A,105,106,54,76,57,103,15,126,77,49,38,38,91,54,84,40,112,49,90,69,51,43,51,51,46,43,38,151,32,56,74,92,98,95,46,62,36,31,104,79,58,54,90,24,99,47,24,59,73,122,40,72,38,77,55,29,69,101,32,70,33,58,38,43,56,59,121,204,43,57,124,65,104,72,77,79,44,21,37,26,15,24,32,11,20,30,14,33,32,18,37,84,13,43,24,25,16,22,20,63,68,80,17,21,21,18,20,27,8,24,34,47,29,19,26,29,38,38,30,28,14,108,19,25,22,17,69,15,25,25,13,15,12,29,31,23,10,23,56,6,28,11,11,14,35,92,9,26,18,9,54,20,22,19,19,57,40,84,8,14,28,23,32,32,11,25,29,57,16,19,10,12,17,28,37,30,14,52,11,57,20,9,29,10,13,16,21,31,12,16,31,31,19,18,43,9,14,12,73,32,11,32,26,10,13,14,23,22,21,37,24,9,20,12,4,33,42,20,9,15,11,26,19,18,8,15,13,33,10,21,22,45,18,13,25,26,10,13,45,21,24,34,13,22,23,61,13,12,39,25,28,29,20,15,24,19,20,46,14,19,54,24,31,18,9,13,56,18,15,18,8,29,21,20,15,60,23,28,12,16,21,15,24,24,25,14,32,25,33,29,15,30,25,20,22,15,26,20,26,12,29,8,15,5,22,35,26,20,19,18,25
A[T>A]C,90,103,62,74,40,94,19,96,38,37,26,52,96,60,55,55,87,41,75,64,48,36,53,27,37,33,26,95,38,64,62,79,66,95,43,54,41,26,78,72,53,47,57,20,75,44,24,50,74,81,41,51,32,69,46,23,39,61,50,59,58,48,56,43,44,52,114,173,46,45,121,39,77,59,66,58,47,15,36,27,23,31,29,14,20,24,9,38,17,20,25,47,15,29,26,16,20,30,26,72,32,43,23,23,30,27,27,29,13,24,24,45,48,16,29,16,37,30,40,27,21,85,23,23,18,37,44,21,36,24,11,24,14,37,33,24,18,24,50,20,21,11,17,13,37,74,13,29,22,9,44,29,26,20,22,33,26,76,16,21,27,21,20,15,8,34,32,37,21,19,12,17,14,27,27,30,16,46,13,41,26,10,34,24,17,12,26,34,17,16,31,19,14,15,51,20,9,17,58,33,23,32,34,14,13,14,36,29,36,23,24,16,16,16,5,40,54,18,21,13,12,24,16,17,31,24,9,32,24,25,21,28,21,9,25,29,20,8,38,27,12,44,10,40,29,34,15,24,38,26,31,31,13,10,16,20,8,43,19,19,48,17,29,27,16,17,38,15,16,20,15,18,13,17,22,59,20,18,11,13,21,12,19,23,18,13,25,25,34,35,17,34,32,17,6,14,43,30,12,9,12,10,16,6,30,29,34,29,13,24,14
A[T>A]G,126,113,56,100,60,132,29,159,67,56,45,61,96,71,100,53,97,42,92,70,56,60,66,48,35,54,43,152,38,91,91,101,71,80,50,85,43,28,103,82,35,47,83,30,99,40,43,78,83,135,44,64,52,69,86,36,60,75,38,68,44,74,58,56,58,66,99,231,51,56,136,62,93,77,68,75,42,17,58,25,15,23,36,16,23,27,12,36,15,14,50,64,20,36,24,26,25,22,27,75,29,41,24,16,21,20,22,26,10,28,25,49,41,16,25,21,37,26,32,28,29,90,28,18,30,18,46,22,27,12,14,14,10,31,36,15,22,15,33,15,30,10,17,18,24,93,16,25,12,18,38,30,25,22,29,42,40,74,15,14,20,18,14,28,5,26,27,51,12,31,14,25,13,23,24,42,7,43,5,47,23,17,31,14,22,17,14,38,12,17,43,24,14,17,44,9,10,9,62,25,16,22,19,18,12,17,13,19,18,33,16,12,12,16,13,29,41,23,18,7,16,29,15,16,24,20,15,30,16,17,15,27,24,18,15,16,13,6,37,32,32,55,14,23,18,31,20,24,19,31,17,19,12,19,14,15,21,31,23,19,48,19,19,24,13,18,39,19,6,16,14,20,13,21,14,49,13,24,12,17,25,12,21,14,26,9,37,23,34,32,8,31,29,13,10,12,36,23,21,6,17,14,15,13,18,27,22,22,19,22,16
A[T>A]T,174,189,101,136,94,176,31,239,95,81,63,126,163,103,117,59,146,78,129,91,84,88,91,72,46,66,57,194,34,125,120,141,106,142,71,104,53,35,176,94,56,91,126,39,127,85,48,112,111,174,45,86,64,124,82,46,85,112,54,110,86,90,79,63,63,72,178,390,84,70,171,85,118,93,112,100,82,30,64,51,31,47,63,27,33,41,18,72,35,25,58,84,32,43,33,51,22,32,47,114,90,60,48,29,64,23,22,39,27,28,32,87,89,27,62,37,61,47,51,34,59,171,42,30,25,56,100,18,63,34,29,34,23,45,50,45,33,20,83,32,42,21,34,26,58,154,13,36,49,12,89,53,28,26,28,57,67,163,20,31,43,39,36,43,24,24,39,79,26,39,19,33,43,35,48,89,10,62,24,94,37,31,53,21,26,15,36,41,19,29,42,28,29,34,66,27,18,26,87,39,44,42,35,18,10,25,36,30,68,43,37,20,25,24,11,50,71,33,23,14,16,27,23,19,25,30,38,47,24,34,39,87,25,16,44,25,7,10,81,28,29,66,23,29,44,104,29,27,38,46,33,33,20,24,29,35,19,91,36,23,71,30,38,45,19,13,89,31,18,20,15,37,28,22,29,120,30,27,19,25,33,20,47,31,34,18,49,36,63,48,22,41,48,25,15,32,39,38,26,23,28,24,17,10,41,39,33,29,16,31,24
C[T>A]A,116,88,41,91,74,118,15,110,54,51,42,55,80,42,81,44,80,50,109,55,58,37,56,44,35,31,45,98,28,69,85,93,85,75,32,86,33,26,74,41,44,35,70,31,68,41,23,61,85,119,23,55,34,86,63,37,52,91,29,62,28,48,59,40,41,57,124,215,44,40,115,59,71,81,84,78,33,12,20,22,7,10,20,7,7,16,3,21,7,4,21,39,3,17,17,8,2,10,12,75,15,18,9,4,7,9,9,6,3,4,9,25,11,4,18,11,24,19,14,11,11,65,9,3,8,15,28,0,13,18,5,11,4,6,11,3,3,4,17,5,16,3,10,3,19,70,4,13,8,7,22,13,8,10,8,17,20,49,5,3,22,7,17,13,3,16,11,35,7,8,4,6,10,15,20,25,2,29,0,24,19,13,9,4,6,6,13,12,4,3,24,10,5,2,17,4,0,8,36,12,3,10,12,6,3,8,9,6,15,17,11,4,7,5,5,13,13,9,4,4,3,11,8,5,9,7,8,10,9,3,22,19,9,6,9,10,2,4,26,8,16,16,4,9,12,19,11,8,10,16,14,14,3,8,5,5,10,25,2,8,33,3,3,16,6,10,22,11,2,9,9,13,6,7,6,34,6,10,4,14,9,5,17,8,6,8,23,11,13,11,5,9,8,2,5,4,7,11,5,4,8,3,3,3,3,15,16,6,6,2,8
C[T>A]C,139,153,55,142,79,167,32,224,69,63,47,89,121,87,124,63,111,59,105,84,74,57,82,54,56,57,51,138,44,119,107,108,90,91,55,98,47,26,144,71,50,53,100,29,101,62,27,77,100,104,52,63,38,93,82,48,95,107,59,95,43,77,69,60,59,69,128,281,58,54,195,82,102,105,123,95,59,7,34,17,11,14,30,10,16,11,8,28,6,11,27,50,13,20,23,27,10,18,11,80,33,23,12,10,14,8,10,16,8,14,12,29,21,18,31,14,37,19,16,8,13,105,12,8,10,18,42,7,21,20,7,6,8,23,16,10,11,10,33,8,18,8,12,13,40,93,5,16,13,10,38,14,23,12,11,25,30,103,7,10,23,14,18,14,6,13,24,30,13,14,3,11,7,10,22,21,8,51,7,44,19,17,25,10,10,6,18,20,11,5,20,7,10,9,30,6,3,11,44,18,9,31,13,13,5,12,18,14,32,22,12,5,11,14,5,22,29,15,12,8,9,12,8,11,11,15,11,29,22,14,17,36,11,9,16,9,5,5,39,10,16,28,9,13,22,30,6,13,14,23,18,14,7,11,6,15,12,13,7,9,63,9,16,21,8,10,37,11,6,4,2,13,11,11,13,37,3,16,8,15,15,2,15,13,10,3,35,11,18,24,14,19,20,2,11,10,18,12,13,8,18,14,7,9,7,16,19,15,4,14,11
C[T>A]G,145,142,77,129,73,173,19,195,84,82,59,87,109,78,126,52,80,74,116,92,76,60,81,51,57,46,65,106,48,98,112,92,98,126,44,88,44,38,138,83,53,51,73,34,104,65,33,53,102,147,48,86,59,109,78,38,90,100,57,69,40,71,77,51,67,83,146,307,54,65,157,85,83,107,123,95,55,18,23,13,12,12,17,10,18,27,8,26,9,5,29,46,13,24,12,20,13,22,20,92,23,32,16,9,7,9,14,20,9,15,19,16,17,16,16,15,26,18,18,16,14,85,15,13,9,20,43,9,16,19,6,10,14,14,12,12,10,5,24,14,18,6,8,10,16,94,8,20,14,8,31,16,14,21,11,39,27,75,1,7,29,20,20,11,2,12,15,35,6,11,10,13,10,14,26,29,9,49,12,46,22,11,13,9,5,6,7,19,6,7,21,18,12,8,23,4,10,11,45,23,18,17,20,10,10,10,19,10,19,28,14,3,12,7,5,18,22,10,10,7,9,16,14,6,16,12,10,19,11,9,19,18,14,8,9,13,10,6,47,21,11,20,8,16,27,27,11,13,15,26,17,10,8,7,11,9,9,34,7,11,49,13,12,26,0,6,40,12,4,3,4,17,11,8,11,44,4,8,8,15,17,9,25,6,12,6,18,19,15,17,9,18,12,13,5,4,12,14,7,3,10,9,10,5,8,15,16,11,9,11,9
C[T>A]T,217,227,91,188,141,214,27,277,104,102,46,120,162,112,192,82,109,83,173,140,134,71,115,64,62,62,61,147,49,184,166,165,104,168,67,154,63,28,151,88,58,88,109,37,126,74,48,102,144,242,55,72,63,147,85,68,121,142,100,122,56,100,104,45,70,144,206,568,59,56,194,105,110,115,154,141,85,16,46,12,14,11,39,10,15,19,4,32,11,10,38,49,10,21,14,9,9,19,14,141,21,26,18,5,12,12,13,13,6,18,18,50,20,13,29,26,36,20,15,9,18,148,10,9,10,23,59,8,16,16,5,11,8,17,15,17,9,10,30,16,25,8,10,7,33,129,3,23,14,9,33,8,18,8,12,28,29,146,2,9,29,11,26,17,8,20,33,48,10,15,9,12,9,10,30,35,3,62,6,50,16,15,25,8,14,14,13,27,11,5,25,8,17,5,25,9,5,7,59,22,10,25,24,9,3,11,13,12,24,29,15,10,13,8,10,15,22,16,10,6,5,20,9,7,4,22,7,27,10,7,16,24,8,14,20,14,9,4,49,16,15,36,7,23,20,34,5,9,15,18,16,13,15,14,9,12,6,31,8,5,62,10,14,24,4,8,41,12,9,7,6,6,8,11,5,53,2,14,6,30,13,5,24,12,13,9,48,20,23,33,6,21,18,13,8,10,19,12,9,6,27,5,8,9,8,21,24,9,5,13,12
G[T>A]A,62,78,28,61,38,62,15,89,38,37,21,50,47,31,52,37,44,29,53,32,45,27,34,30,24,26,21,65,25,61,63,57,53,69,26,41,15,12,77,41,25,22,31,15,48,24,9,33,39,75,17,30,25,46,43,13,38,57,27,45,28,36,22,24,24,33,80,104,14,29,69,28,51,38,42,47,32,6,16,15,11,3,8,7,11,13,4,19,9,5,20,28,9,17,10,7,5,7,4,31,22,19,15,6,10,8,7,15,4,8,14,15,11,7,10,6,20,7,9,8,11,56,13,9,5,13,22,10,5,9,10,6,2,14,3,7,3,7,13,7,7,3,2,7,16,35,4,12,6,2,12,9,4,9,14,16,21,40,3,8,22,9,13,5,2,8,6,26,6,14,4,11,5,10,11,15,1,23,4,18,6,8,12,2,5,3,6,5,3,9,18,9,7,4,10,4,4,5,37,9,4,9,8,2,5,7,14,5,15,13,7,1,10,5,2,13,9,9,6,9,6,8,5,1,1,8,8,5,5,7,10,8,6,9,14,9,5,2,21,11,10,10,4,5,12,29,1,7,13,14,15,10,7,2,6,7,2,24,3,5,26,4,3,12,3,8,25,6,2,1,5,9,7,9,8,22,7,13,2,5,12,5,13,6,9,4,13,8,7,16,3,11,11,8,2,7,11,6,11,2,4,7,3,4,1,18,7,4,7,6,10
G[T>A]C,66,59,35,58,25,73,13,96,34,41,25,49,39,39,42,28,45,24,70,30,41,24,29,30,28,25,22,68,20,47,44,63,50,58,24,47,19,15,42,31,31,23,39,19,40,14,14,29,52,62,15,49,18,41,34,18,45,45,25,41,23,42,31,16,29,22,76,140,22,26,98,29,42,46,32,39,36,6,26,9,11,8,16,7,7,8,4,20,4,6,16,17,7,16,10,10,11,11,19,36,16,9,9,7,12,15,8,15,6,9,8,16,18,10,16,5,21,10,12,8,10,49,15,5,10,16,30,7,8,14,8,5,14,10,14,11,7,11,20,6,8,9,16,3,20,49,6,12,14,3,18,6,14,8,6,13,16,46,1,10,15,11,6,13,5,13,8,18,9,13,4,9,8,6,12,14,1,25,7,18,8,9,13,9,8,5,6,19,9,8,21,10,5,14,28,4,3,5,29,7,8,19,18,3,5,6,9,14,11,14,10,6,11,3,11,12,22,4,12,5,5,8,1,7,5,9,12,12,10,9,7,12,7,5,12,13,8,8,26,14,7,20,7,12,14,15,8,10,11,13,9,11,8,8,12,12,3,14,4,4,29,7,7,10,4,15,26,8,3,8,3,6,4,5,13,25,10,10,6,11,7,10,8,7,11,5,17,8,10,17,5,5,14,7,6,9,17,15,10,4,4,12,6,4,11,11,12,17,5,14,18
G[T>A]G,83,77,50,67,45,95,17,105,51,52,23,34,46,43,70,38,63,38,78,52,38,34,46,31,32,34,30,78,22,59,55,55,55,56,24,40,36,15,61,45,25,48,48,19,73,32,17,43,66,87,22,41,45,50,54,31,44,62,33,63,32,50,45,33,28,56,111,164,26,40,95,48,69,56,59,49,33,6,20,16,16,11,15,11,7,13,5,16,8,7,22,32,4,24,10,10,3,15,12,74,22,22,13,9,12,12,13,13,1,7,15,26,12,6,12,9,16,13,10,12,12,57,15,6,10,17,19,13,18,12,3,8,8,10,15,5,5,8,25,6,18,4,8,5,17,61,6,22,14,6,22,6,9,6,14,9,20,35,7,8,12,7,13,8,5,9,8,17,11,11,3,7,8,16,11,17,8,27,6,26,10,5,13,11,9,9,10,16,7,7,13,7,7,5,17,4,5,9,35,11,4,11,15,3,6,11,18,9,14,21,15,3,8,10,4,10,25,7,9,12,4,15,12,5,7,10,14,11,12,7,9,29,11,5,9,9,4,5,18,8,15,17,4,11,20,21,8,10,8,8,13,13,14,9,8,7,6,25,7,8,29,7,4,15,11,7,21,7,6,7,3,8,6,4,7,31,5,9,4,12,13,4,10,9,8,4,30,2,12,7,10,12,7,3,4,7,12,10,11,6,19,6,4,2,13,14,7,8,4,9,7
G[T>A]T,126,134,54,116,80,109,17,199,65,50,35,72,111,73,102,35,88,54,105,83,70,51,75,47,38,39,49,91,33,85,104,106,83,100,48,65,39,22,101,59,44,51,71,38,83,39,32,48,109,129,35,61,38,80,50,49,70,72,61,82,46,70,56,42,42,75,115,273,43,43,142,56,93,64,104,77,60,13,22,8,7,5,31,9,12,19,9,24,12,5,37,41,8,15,21,16,9,13,15,79,18,19,12,9,11,11,8,5,5,9,8,27,26,14,27,11,34,14,13,9,13,99,12,9,5,25,29,14,14,6,10,9,6,22,17,10,13,7,17,18,15,7,9,7,22,75,2,12,9,13,20,11,8,5,12,17,17,95,1,11,26,6,16,12,4,12,15,33,5,19,4,5,12,16,19,24,10,47,6,46,15,12,23,13,10,7,11,29,4,9,19,6,9,4,27,1,4,11,41,12,6,10,19,9,5,8,15,14,22,18,13,6,9,5,4,14,20,11,13,2,10,10,5,13,7,17,6,14,10,10,14,26,10,5,15,7,10,9,23,21,14,21,3,11,20,29,17,10,13,8,7,15,8,14,8,16,3,27,6,9,39,7,8,16,9,5,19,5,5,8,2,11,4,4,10,36,11,12,7,11,15,8,16,10,6,3,30,14,16,15,11,9,14,9,9,11,17,11,11,6,24,6,5,2,14,17,25,11,13,9,8
T[T>A]A,124,153,81,109,84,144,30,231,78,69,53,103,132,66,91,51,121,53,124,65,75,91,78,60,64,57,31,118,38,97,96,120,103,112,40,90,47,26,103,74,58,78,114,37,100,60,58,120,104,168,41,68,65,107,63,40,62,142,36,103,50,81,57,65,57,86,144,293,69,93,146,94,102,118,95,88,103,39,56,49,26,33,95,33,31,33,14,78,32,28,64,81,23,44,32,61,22,20,49,93,109,89,38,48,50,30,20,32,16,19,38,57,81,19,47,33,53,33,46,32,59,178,49,43,23,54,87,27,67,53,24,23,31,35,36,38,43,23,100,20,30,27,18,19,56,135,16,46,43,11,107,43,45,26,25,66,110,214,28,22,38,43,48,48,33,28,45,100,20,28,34,33,10,25,49,95,17,47,12,100,36,21,74,17,40,13,32,30,20,18,42,24,22,31,83,18,28,24,124,53,27,52,35,28,15,23,39,30,45,58,37,16,20,16,20,44,39,26,21,22,25,40,20,27,21,17,19,45,20,25,29,92,22,6,31,32,9,15,61,27,29,112,17,32,25,91,24,14,27,50,44,34,21,21,35,21,21,74,32,9,47,25,32,37,11,11,53,18,18,12,18,25,25,8,33,80,21,34,24,44,18,18,61,17,27,23,51,33,93,64,34,27,35,23,30,24,34,19,16,27,38,18,20,26,30,48,48,24,10,35,36
T[T>A]C,89,118,40,76,63,115,18,127,66,50,37,53,82,55,57,48,75,49,75,61,44,53,58,40,30,36,39,103,33,79,67,77,66,65,28,69,35,11,72,44,42,45,83,22,78,42,20,36,73,77,38,53,38,87,61,38,51,80,49,73,43,52,41,38,39,58,107,183,36,43,128,52,63,73,66,59,48,13,21,16,17,20,33,10,20,20,6,22,4,6,20,46,11,15,17,11,14,5,20,56,23,25,14,15,11,12,8,10,6,16,21,31,21,13,19,11,25,18,13,14,9,79,14,10,7,19,37,10,16,15,9,6,4,21,9,5,7,10,24,4,14,6,10,8,20,87,5,22,16,14,23,17,9,16,14,22,34,65,3,3,19,18,14,10,4,13,18,33,5,13,2,11,12,13,21,29,4,34,11,34,16,8,16,10,10,6,9,9,10,13,17,13,3,6,19,9,7,9,49,20,19,15,23,9,5,5,22,14,12,16,10,4,11,10,2,22,20,5,8,8,7,12,4,8,9,13,7,18,17,6,8,30,12,6,10,13,10,5,30,17,9,22,7,9,22,31,9,20,15,19,19,14,10,7,13,15,5,15,6,11,45,10,16,14,6,12,37,10,9,8,7,16,7,3,7,27,10,15,11,13,14,5,20,13,14,7,27,14,19,22,7,20,25,8,9,5,15,18,6,2,11,9,6,4,14,13,17,13,10,13,10
T[T>A]G,73,66,37,68,52,64,19,102,37,40,23,58,63,43,54,36,62,39,67,34,58,37,43,33,28,40,29,57,18,63,57,64,46,59,25,48,20,12,74,39,28,33,44,15,60,33,17,35,49,95,16,37,32,47,34,16,48,56,33,42,22,50,45,28,32,40,70,166,36,37,87,30,44,46,52,37,38,3,19,6,8,5,18,5,11,11,4,17,7,6,22,33,4,12,10,8,3,10,14,45,16,26,12,7,10,8,9,15,10,6,6,16,12,3,15,7,19,10,9,20,10,60,12,6,8,15,29,6,6,21,5,3,5,13,8,7,5,11,18,12,9,4,8,5,21,55,4,12,8,5,28,11,7,10,7,25,17,46,5,2,9,5,6,4,4,10,13,18,5,14,4,13,7,13,18,15,6,37,2,31,13,9,18,4,9,7,8,11,6,5,22,11,5,7,22,7,6,5,33,9,6,8,12,5,1,12,12,7,11,19,11,2,8,3,4,13,13,4,4,3,1,13,5,4,4,14,4,14,8,6,5,10,10,7,14,11,4,5,25,8,7,19,3,6,6,16,7,7,14,14,7,11,9,11,6,8,3,20,8,11,23,4,9,8,2,4,25,7,3,5,4,12,4,6,6,36,11,17,5,13,10,3,14,17,7,10,27,5,16,22,8,13,5,4,4,5,14,10,8,1,11,5,10,2,10,20,9,8,5,6,7
T[T>A]T,221,237,77,179,124,226,43,284,112,115,66,135,201,116,207,85,143,116,195,142,131,84,112,81,62,79,64,181,52,207,188,145,126,154,73,131,62,41,158,104,71,94,137,51,122,89,51,107,193,248,59,101,78,194,112,70,109,153,63,145,95,107,110,71,78,132,211,510,78,93,212,105,144,150,163,150,108,35,74,31,20,32,52,26,29,31,7,54,22,15,52,75,18,48,31,42,20,33,34,125,61,61,28,27,33,17,20,49,20,20,34,53,51,19,64,22,50,28,36,30,47,155,27,42,28,36,75,15,41,35,20,21,20,37,32,22,21,19,61,21,21,12,18,29,57,159,14,37,33,12,84,34,25,32,28,57,47,151,20,16,49,25,29,26,11,29,39,63,19,28,15,20,18,20,33,43,12,66,12,80,43,13,38,17,24,19,17,33,17,12,47,23,20,17,45,20,12,20,80,27,22,26,27,19,11,23,27,23,49,48,31,19,30,19,7,43,48,28,23,20,16,31,12,11,19,24,25,37,11,15,32,72,14,15,29,20,10,10,68,22,24,41,13,20,42,76,14,16,22,42,24,26,19,16,13,19,9,69,16,22,86,19,31,40,9,16,59,18,15,13,13,25,26,21,17,91,17,30,18,28,28,13,42,23,18,11,71,35,45,45,12,26,26,16,18,11,37,29,21,13,34,16,20,16,27,38,32,21,18,16,32
A[T>C]A,261,178,93,176,138,259,55,254,178,114,68,128,199,97,155,90,171,129,182,148,163,121,144,98,81,102,73,237,74,130,171,179,163,177,67,112,84,46,193,157,103,95,190,76,189,81,70,171,156,318,77,140,99,150,127,63,155,201,107,142,87,165,144,76,132,137,294,425,111,121,207,135,164,167,139,157,114,48,59,59,46,62,71,29,63,51,32,81,31,46,80,126,37,86,65,67,42,54,57,149,100,95,43,35,69,55,56,56,41,33,66,82,84,42,69,58,87,44,62,77,60,241,59,32,46,45,133,39,75,60,31,33,33,71,55,46,41,41,130,36,57,28,49,35,67,195,33,82,51,32,87,63,66,35,55,82,97,126,17,34,63,58,50,68,22,71,66,103,31,59,35,37,35,59,75,83,17,81,35,133,47,33,79,35,40,38,55,66,24,39,52,47,26,36,105,25,28,26,159,56,65,77,59,31,13,24,59,49,80,84,53,19,45,36,25,70,64,47,28,42,25,70,65,34,58,47,40,76,37,33,62,104,57,47,42,53,28,23,83,64,66,103,33,72,78,155,33,53,82,74,69,69,39,35,61,49,41,99,33,52,106,54,42,58,22,42,113,47,28,51,37,57,57,34,32,120,40,38,22,53,43,57,68,38,60,46,67,53,92,84,34,92,57,34,17,26,49,50,39,25,37,31,25,25,83,71,65,36,46,46,49
A[T>C]C,122,124,40,113,70,123,23,130,89,54,28,80,82,53,78,37,50,52,108,53,71,62,62,36,42,41,37,73,32,103,98,90,71,72,28,56,46,26,78,46,44,42,80,17,68,33,22,80,72,181,32,62,51,79,57,43,86,111,46,70,41,60,68,41,65,85,155,228,48,56,93,60,92,84,94,72,63,20,31,13,14,22,30,7,14,23,19,25,11,11,30,49,12,25,18,29,10,19,27,52,35,34,13,17,26,18,17,19,10,14,18,31,25,14,25,18,27,17,22,20,18,99,11,7,16,14,67,9,23,14,19,12,7,25,20,9,18,13,30,17,16,8,17,18,21,92,8,31,19,12,38,27,10,15,18,37,32,48,7,13,16,22,15,24,6,26,16,32,12,15,14,8,11,13,27,33,15,26,10,51,14,6,33,16,15,12,19,24,10,14,17,17,10,12,36,12,8,13,57,18,12,17,20,11,10,10,23,26,21,30,13,7,16,16,16,33,28,14,7,15,5,11,12,7,11,23,17,25,19,13,24,53,19,12,15,19,11,9,26,25,17,43,10,14,21,39,12,16,33,26,22,22,9,9,23,9,16,40,11,13,53,14,22,26,4,13,41,19,15,12,15,9,18,11,12,36,15,20,8,23,17,29,30,23,12,11,36,24,28,28,13,30,15,15,7,8,29,10,15,7,19,9,12,10,27,26,23,11,17,11,9
A[T>C]G,167,124,86,108,90,164,45,207,92,89,64,93,108,69,138,71,121,115,131,112,149,96,87,83,64,59,51,142,52,111,115,121,96,93,42,94,52,36,136,83,65,65,140,42,116,60,42,124,97,241,52,87,58,84,74,51,82,138,88,79,73,131,97,69,94,114,190,288,76,82,164,124,94,105,115,72,65,29,41,30,38,42,51,19,32,29,18,57,24,23,58,61,19,69,45,47,29,34,41,111,50,49,33,22,39,36,46,29,22,33,40,52,47,27,63,38,42,23,42,50,39,163,30,18,31,28,102,26,51,41,19,26,20,43,23,29,38,24,53,23,21,24,34,17,35,140,25,53,45,9,63,40,36,32,43,41,53,97,26,35,22,38,38,29,10,26,36,39,25,39,22,24,20,30,44,56,13,52,24,69,29,34,48,30,36,20,42,40,21,26,42,42,17,20,63,23,11,23,102,42,27,51,38,20,9,25,43,34,40,49,34,14,20,36,13,41,32,35,20,22,23,49,34,18,30,20,14,42,32,27,25,51,45,24,34,29,22,18,36,46,22,54,18,33,33,63,26,40,40,50,36,27,13,21,37,33,23,60,32,24,71,35,29,42,26,30,52,34,20,26,22,22,22,21,28,71,19,23,24,27,41,31,41,24,31,23,47,42,57,60,14,51,34,23,25,18,50,21,28,21,15,21,32,10,39,34,27,33,25,18,33
A[T>C]T,211,204,110,218,148,261,55,244,113,108,74,142,172,102,200,101,154,156,201,132,180,155,124,112,105,75,79,222,85,159,178,204,139,182,66,132,74,61,194,133,99,94,180,60,152,87,70,188,136,386,84,131,76,155,109,62,144,195,126,128,87,173,140,68,128,136,308,428,109,125,235,146,167,143,181,130,123,44,92,47,48,54,73,27,60,50,25,75,26,38,89,103,41,93,56,60,27,64,64,165,86,88,47,34,63,54,41,53,39,38,48,68,58,46,70,56,80,43,60,50,44,254,57,24,54,42,175,40,56,33,37,40,35,85,45,40,45,39,88,35,57,33,47,29,43,203,26,80,48,36,86,62,55,39,61,77,95,148,20,32,52,57,50,63,25,45,41,93,46,38,31,34,40,47,73,56,29,76,37,112,40,35,63,34,31,37,51,51,36,27,71,47,28,40,100,33,37,25,161,75,46,80,69,29,27,36,54,56,62,58,45,18,59,44,28,49,69,50,31,27,36,64,46,29,43,46,34,67,36,30,38,92,47,37,49,70,32,23,73,73,54,90,25,78,59,119,33,43,68,75,58,58,35,25,55,30,38,106,33,41,130,40,48,65,18,43,92,53,36,51,29,43,37,36,43,91,39,50,36,60,42,63,59,39,57,40,89,53,78,75,25,63,55,35,20,24,77,43,31,30,29,30,43,21,79,63,50,36,38,52,49
C[T>C]A,103,79,34,71,68,125,26,143,116,54,44,95,90,35,56,49,83,53,83,45,74,46,61,46,42,46,55,120,40,90,77,78,82,105,33,60,39,22,98,64,52,46,95,20,92,41,32,101,58,176,25,61,43,71,77,28,87,85,47,61,35,64,76,32,74,87,114,190,45,60,104,93,75,87,69,68,70,14,26,16,13,19,22,10,21,23,11,34,14,19,26,50,7,25,22,22,11,22,20,67,27,24,20,11,14,14,16,26,15,11,19,33,22,15,32,20,32,20,31,14,16,81,20,14,13,21,66,8,32,21,7,9,12,21,24,12,20,11,42,10,27,2,16,11,29,87,10,30,11,8,34,22,25,13,10,25,30,53,7,20,27,16,30,20,5,16,22,46,11,17,9,10,13,24,32,35,14,33,6,67,8,14,24,13,15,7,19,16,12,15,17,18,14,16,33,10,4,13,64,20,11,26,15,12,6,17,34,24,30,33,16,8,12,12,4,19,31,13,5,15,12,30,10,12,14,10,11,17,15,11,22,34,20,10,16,21,6,9,24,26,13,27,6,20,11,60,11,15,30,23,19,18,23,9,16,6,10,45,11,22,46,15,16,24,11,11,43,15,10,15,10,19,11,14,15,47,12,17,24,16,18,13,19,13,19,12,27,18,29,21,10,30,20,13,12,8,18,20,9,4,13,8,15,6,20,15,23,13,11,19,18
C[T>C]C,144,156,45,172,138,163,30,168,123,69,60,122,118,59,107,57,65,81,125,64,89,65,72,51,53,50,66,134,42,92,170,125,90,133,42,71,42,20,101,83,68,45,118,29,65,49,25,100,95,243,38,68,51,109,99,34,122,154,75,75,52,69,81,41,66,93,165,308,42,67,134,60,110,117,116,136,80,17,31,13,11,9,35,15,10,15,10,30,7,8,31,38,10,19,24,11,12,14,24,71,25,30,16,10,22,15,10,19,11,4,19,21,21,14,26,15,31,23,26,10,14,93,13,8,19,18,71,8,14,19,8,7,9,6,13,9,9,10,30,14,17,5,11,8,19,94,4,16,17,10,30,14,17,15,9,29,39,102,8,14,19,12,10,16,7,16,21,38,12,10,7,8,10,12,11,27,7,41,5,43,12,8,15,12,7,6,16,25,9,9,26,13,13,8,26,5,3,13,50,16,12,14,18,9,3,10,23,5,23,21,10,7,12,11,2,28,23,13,13,7,9,17,19,9,8,21,14,19,21,10,15,35,6,12,23,18,9,8,26,33,22,30,3,19,20,43,5,23,23,18,15,9,19,13,7,10,14,48,5,16,52,19,11,18,9,15,47,20,13,12,9,18,9,7,8,37,8,10,8,16,12,22,20,12,19,2,36,12,26,21,10,24,19,11,9,6,19,10,12,10,9,16,7,9,35,24,16,15,10,13,6
C[T>C]G,112,96,48,116,86,121,29,147,104,57,33,99,67,46,77,42,62,66,70,60,65,46,51,52,58,46,48,127,42,85,68,83,73,85,30,66,42,27,90,66,48,50,103,30,76,37,23,94,51,187,31,66,25,64,86,34,75,106,47,66,36,67,91,43,70,52,130,209,52,68,151,68,90,93,76,74,69,20,40,23,26,14,34,9,21,22,15,32,18,12,26,41,16,21,29,35,8,11,26,76,30,30,20,12,32,16,14,21,7,26,25,24,22,15,33,23,35,17,21,27,20,86,31,12,20,23,66,15,31,33,19,16,13,24,22,27,23,16,46,15,25,12,16,15,27,95,13,33,26,11,47,10,28,15,16,35,31,93,11,12,25,20,22,15,4,17,14,39,12,19,15,13,21,12,35,38,7,41,10,73,18,17,31,18,14,13,12,21,16,26,24,25,13,7,32,9,6,13,60,22,21,35,18,12,12,8,29,21,37,36,16,7,13,10,7,20,27,15,15,8,15,28,18,9,13,14,12,19,19,18,26,38,16,15,21,20,19,10,17,26,17,33,4,21,17,38,17,26,28,24,24,20,8,12,13,26,14,49,68,9,39,20,18,19,10,14,36,20,10,13,7,19,19,15,20,47,12,14,18,19,20,14,29,16,15,14,52,31,32,44,15,21,21,15,13,13,16,17,14,8,15,10,32,2,29,17,20,14,11,28,12
C[T>C]T,129,123,51,120,99,164,28,233,129,72,58,92,122,56,120,59,88,93,115,73,118,70,79,61,89,60,49,150,47,80,129,154,94,143,36,110,65,21,109,80,72,60,122,27,95,46,33,109,96,264,46,90,56,97,93,38,103,140,68,88,42,100,101,40,104,94,162,338,49,86,184,87,137,125,101,122,81,30,79,21,23,18,43,12,22,30,13,41,13,10,40,45,16,21,29,21,9,24,17,91,50,37,25,14,17,24,11,21,17,17,19,35,31,17,35,23,34,23,12,21,17,129,21,12,21,22,84,15,28,23,14,13,10,28,20,21,22,16,45,12,18,13,18,12,34,117,6,40,23,14,31,25,28,22,17,67,48,296,19,8,19,18,34,20,10,17,23,56,15,18,15,28,21,14,38,44,7,41,13,99,22,17,37,19,18,19,23,27,13,10,28,18,14,14,27,9,10,9,82,22,12,20,28,8,7,10,25,28,30,43,17,8,20,6,7,25,26,21,13,16,9,20,21,12,10,16,12,19,17,18,14,39,15,16,21,32,7,6,39,16,22,37,9,26,34,58,10,18,28,21,27,14,17,7,13,13,19,40,8,16,58,22,20,18,8,12,42,18,10,12,13,16,13,16,22,53,19,20,13,30,21,14,25,14,25,10,44,24,30,37,11,20,23,9,7,8,24,17,19,10,21,9,9,9,32,27,24,14,14,21,20
G[T>C]A,110,93,49,109,64,112,25,113,104,59,48,78,76,36,71,56,82,71,94,57,84,59,49,58,41,33,49,82,40,78,72,96,85,93,52,46,55,25,86,67,66,51,97,26,80,46,33,83,80,204,40,64,50,65,54,29,68,122,46,72,41,67,86,41,69,73,143,187,63,61,86,61,66,79,62,68,56,22,28,24,26,23,41,13,23,22,10,51,15,19,45,61,20,35,19,33,19,19,35,72,53,66,27,20,21,26,31,25,20,19,45,40,38,14,29,25,44,24,36,33,23,107,27,11,20,25,78,12,35,26,20,13,12,25,25,26,19,19,64,14,30,9,29,17,24,92,15,37,24,7,41,45,34,16,24,46,38,73,11,21,21,33,31,38,15,33,22,38,9,16,14,10,22,23,40,31,11,36,16,57,18,22,34,16,24,15,32,24,12,11,41,16,16,22,55,15,8,15,99,27,13,36,29,11,4,15,20,34,31,37,26,11,14,18,6,38,36,21,24,25,11,22,27,14,17,13,21,40,25,29,30,56,17,18,26,44,18,16,52,27,25,53,7,32,33,86,9,26,31,30,25,28,19,7,23,22,17,43,19,17,46,14,19,24,10,11,65,15,9,30,16,27,24,20,17,48,15,24,15,24,23,18,35,25,17,14,38,33,48,27,13,28,31,10,16,10,29,22,24,11,18,13,25,7,41,27,25,12,22,27,25
G[T>C]C,81,77,23,54,71,78,14,83,67,26,28,59,61,34,42,32,37,47,61,32,54,41,36,40,38,32,35,55,31,62,69,66,48,65,30,36,20,23,71,45,38,23,61,20,41,28,18,47,44,158,26,30,23,63,36,15,46,89,31,46,33,49,45,22,40,67,97,159,26,37,53,40,41,54,67,43,28,9,23,16,22,14,28,10,12,18,10,28,10,14,33,42,12,28,14,23,3,11,20,35,33,40,11,20,15,14,14,14,8,14,18,29,15,10,17,19,32,13,22,23,11,74,17,7,12,13,58,12,23,11,8,9,9,25,15,14,7,12,32,15,15,7,16,12,20,57,10,23,14,7,38,19,16,10,12,27,31,44,2,12,10,9,9,25,9,17,16,28,6,16,12,8,13,18,16,23,6,19,15,42,15,12,17,6,16,11,13,16,10,7,24,10,8,12,46,9,10,8,44,19,12,28,25,7,6,10,22,10,31,32,13,7,11,8,9,16,16,14,8,12,12,17,12,4,18,7,15,16,14,13,24,30,12,10,5,17,8,12,27,19,13,23,6,19,13,54,10,9,23,8,18,10,15,6,12,11,12,26,13,6,35,7,18,18,6,15,34,19,7,16,9,15,16,12,13,30,15,20,6,18,20,11,12,16,14,10,19,20,23,24,12,17,15,8,9,11,15,13,12,10,11,9,7,6,36,18,12,12,5,10,13
G[T>C]G,102,83,49,73,70,82,17,98,80,36,43,63,65,35,61,30,61,42,54,47,58,51,45,42,35,23,27,65,30,59,71,59,55,59,23,46,35,22,70,51,38,53,71,21,61,37,20,64,42,162,28,42,39,49,38,27,63,87,40,44,32,56,63,32,49,67,107,168,47,37,77,44,52,64,58,58,56,16,27,17,17,18,32,18,17,14,9,30,9,22,38,39,20,37,18,15,11,29,26,55,34,32,13,13,19,17,17,20,14,10,18,21,28,14,26,9,30,12,17,21,15,55,13,16,14,13,50,7,28,31,14,19,13,15,17,14,16,10,39,17,14,5,17,8,18,79,5,24,19,7,28,27,36,18,14,25,27,55,10,18,7,14,18,22,9,21,16,35,9,15,17,16,17,16,21,22,10,35,9,41,17,18,25,8,13,11,23,21,14,10,20,10,8,10,32,7,9,15,44,24,14,31,20,14,8,17,19,17,28,28,16,7,7,7,9,16,19,23,10,13,18,29,16,6,18,13,14,26,11,11,13,33,16,9,20,23,7,8,24,20,20,30,4,29,19,37,15,16,18,23,24,21,13,5,12,17,9,43,40,15,28,10,13,19,8,6,33,9,4,9,10,19,16,10,15,39,12,13,11,26,25,11,21,9,8,11,35,22,27,19,11,23,11,18,10,4,23,16,10,10,10,9,20,5,24,24,18,21,11,14,15
G[T>C]T,135,112,59,128,99,116,25,163,86,61,47,80,105,51,101,48,86,83,97,54,79,68,68,57,46,36,44,117,38,77,72,106,78,89,25,58,45,27,128,62,52,49,101,25,72,47,32,80,72,227,58,60,40,71,51,35,86,125,64,64,46,109,100,50,85,96,154,226,61,60,117,61,87,82,89,61,65,24,29,17,29,27,29,15,18,25,14,43,10,24,49,81,16,42,33,37,12,17,42,89,61,62,25,21,30,29,32,28,19,27,27,45,42,21,32,28,38,24,35,24,23,143,30,11,26,32,95,15,45,19,24,20,20,39,21,18,19,25,71,25,41,10,27,19,26,93,16,55,21,16,45,40,31,21,20,44,33,90,10,23,30,28,31,45,16,29,23,39,26,24,13,23,27,29,48,40,12,59,21,51,20,25,42,34,34,17,22,30,13,20,38,31,19,29,71,20,6,25,85,23,18,43,37,16,9,19,28,35,47,43,26,14,19,13,13,43,37,28,18,18,9,30,27,18,18,28,16,48,26,18,42,66,24,29,33,36,13,17,33,39,27,38,10,31,22,75,14,36,42,45,24,33,22,15,24,30,12,40,18,18,49,30,25,37,13,16,81,31,22,25,13,29,25,17,29,48,19,36,26,36,25,25,30,16,23,16,51,35,40,23,13,46,33,24,17,11,24,35,16,11,19,19,16,18,49,33,30,10,11,25,20
T[T>C]A,143,116,52,78,94,164,24,155,188,48,72,130,83,44,73,58,94,88,121,52,97,81,86,48,44,46,49,145,49,95,79,115,67,96,33,58,39,23,119,86,57,54,132,29,90,50,40,114,105,232,37,75,63,91,90,39,98,157,39,80,46,85,75,36,100,69,159,266,58,78,97,82,96,101,79,116,79,19,42,31,27,33,48,11,17,39,14,43,19,14,49,81,14,50,33,47,10,36,45,77,64,58,30,27,41,35,27,22,13,17,25,49,40,24,40,27,27,25,41,34,28,132,28,12,32,31,87,20,35,26,18,24,16,44,27,26,21,17,67,13,42,17,22,17,38,129,18,52,26,14,63,39,29,26,20,64,49,71,13,27,32,32,27,59,9,37,29,44,24,19,24,24,22,28,46,49,16,45,10,77,28,22,45,14,16,21,41,22,18,13,42,23,14,22,71,15,11,15,107,23,25,33,31,12,10,14,41,35,40,55,16,14,16,10,9,44,29,24,26,20,7,28,15,10,18,25,27,43,19,16,28,61,30,8,31,33,21,11,52,29,30,51,16,37,27,103,16,30,46,37,43,31,19,13,34,21,14,71,12,28,57,22,28,36,11,20,78,26,15,19,13,33,20,16,14,59,18,29,10,34,30,25,47,24,29,19,74,26,53,36,16,51,28,12,17,23,29,25,13,11,20,13,23,5,38,35,19,14,17,23,26
T[T>C]C,118,102,47,110,135,138,27,136,93,45,55,104,83,47,69,50,50,61,110,53,88,59,66,48,56,34,54,100,43,97,107,64,66,85,32,47,28,21,84,58,41,41,102,25,62,35,40,89,87,230,26,55,48,109,67,32,94,141,38,66,45,69,50,41,56,92,140,232,56,73,110,46,95,99,108,117,68,13,26,24,20,15,42,12,18,32,11,40,14,15,51,47,17,28,17,36,14,11,21,50,44,49,17,11,34,22,19,22,17,10,15,32,41,12,23,23,21,19,33,20,24,116,24,15,17,18,74,9,31,31,13,20,16,26,25,29,18,17,36,11,21,8,7,17,38,80,13,22,17,9,41,26,28,23,19,42,58,56,13,21,19,24,26,21,5,23,19,51,13,13,9,12,16,22,28,37,10,36,12,57,17,11,31,9,14,14,18,26,11,10,17,9,15,18,63,15,14,10,57,22,15,26,20,13,7,17,28,15,45,32,19,9,18,15,11,36,21,20,15,13,6,19,14,12,13,13,20,30,29,19,17,60,11,10,21,27,11,6,38,26,32,46,8,19,21,68,5,25,27,34,26,29,23,10,20,13,13,41,21,11,46,15,15,28,9,10,58,21,9,12,13,27,15,11,18,38,16,21,11,38,18,16,22,25,24,14,47,21,55,32,15,37,23,16,13,12,30,25,8,7,19,13,13,5,33,29,30,13,9,27,9
T[T>C]G,75,67,29,55,64,84,13,85,61,42,34,74,61,21,38,28,54,51,61,19,52,45,44,36,26,29,27,57,24,54,64,63,43,53,19,35,33,14,45,45,29,34,59,15,46,23,23,64,53,91,15,40,30,43,32,24,43,74,26,34,31,57,56,20,52,49,91,134,33,46,84,41,56,51,45,50,41,11,27,18,16,18,28,7,17,14,6,19,15,12,27,33,22,25,27,24,6,17,24,53,34,25,13,12,29,27,21,24,8,13,20,19,29,18,25,15,25,13,12,25,16,69,16,13,10,9,46,8,30,57,19,9,9,31,17,13,11,10,46,10,15,8,9,9,19,65,13,31,26,5,43,29,18,11,26,30,27,48,8,11,12,27,17,20,6,26,17,38,14,14,17,18,21,23,24,33,15,29,13,43,19,9,46,11,15,10,22,17,10,9,18,10,9,10,29,10,12,7,45,22,16,21,24,10,5,8,20,22,23,25,11,8,9,4,7,13,18,12,7,12,19,19,20,12,14,18,20,14,13,15,15,48,12,15,21,14,9,10,24,16,13,24,12,17,10,39,12,17,28,29,8,20,12,6,14,11,9,46,75,13,24,14,21,29,11,18,38,12,10,16,6,19,13,7,19,40,17,14,8,23,15,13,29,20,15,12,55,14,20,33,12,38,16,14,17,9,17,23,15,18,4,9,14,4,20,12,18,19,10,18,13
T[T>C]T,148,98,54,136,128,182,27,188,113,80,65,133,124,57,104,72,97,101,115,63,111,79,87,57,59,61,67,129,54,99,119,135,78,107,45,62,48,33,128,82,59,65,122,38,105,63,39,110,115,285,40,80,60,110,75,48,106,159,65,78,59,105,93,51,88,98,192,335,72,98,147,84,87,122,112,118,105,25,48,38,24,30,60,15,35,45,14,50,26,19,50,84,15,44,30,37,29,32,36,94,74,59,39,17,33,47,35,44,14,27,44,57,51,21,52,27,36,25,52,46,45,146,33,17,28,31,93,25,68,32,22,29,22,40,23,30,22,26,92,22,38,14,27,29,46,121,21,53,40,20,70,42,31,24,34,67,66,96,19,26,42,32,41,60,11,32,34,67,18,34,23,31,27,36,49,61,19,53,26,107,25,27,50,19,24,30,20,45,20,24,37,41,17,32,87,14,22,13,121,55,25,47,31,22,18,28,37,23,43,58,27,15,25,23,18,64,38,38,23,12,25,56,28,18,23,24,23,57,28,24,43,79,26,13,51,32,17,22,57,42,44,51,16,36,39,104,23,32,43,40,28,41,31,16,30,29,21,97,22,31,67,38,37,37,17,15,94,30,24,27,17,30,32,23,28,61,23,36,28,45,21,18,50,28,34,24,77,36,50,54,21,50,43,25,16,14,36,35,38,15,22,17,23,10,49,43,37,33,20,21,22
A[T>G]A,76,78,30,50,62,93,17,74,54,20,26,56,51,30,43,47,63,28,65,27,47,31,40,30,30,26,25,59,16,52,56,50,31,55,17,26,28,10,38,36,28,27,60,14,40,25,23,73,56,140,15,31,32,51,49,22,54,90,13,42,19,59,54,28,38,49,81,161,21,46,46,53,45,47,52,49,49,8,21,41,8,5,22,2,6,13,6,16,18,8,16,28,6,14,12,17,3,16,9,34,30,43,11,3,11,16,11,18,8,4,19,35,14,5,7,6,15,14,13,10,10,56,9,13,8,15,30,4,14,14,6,6,8,12,8,7,9,2,18,9,16,4,5,7,17,51,3,15,14,6,44,16,6,8,11,43,18,36,2,3,10,4,10,14,3,19,12,41,13,10,5,6,19,12,21,7,3,16,6,41,7,7,11,7,8,7,9,10,6,4,14,6,6,7,22,1,7,5,41,10,8,12,7,10,4,9,9,10,10,29,12,3,5,5,5,30,20,7,4,5,3,13,10,11,7,8,6,17,6,5,6,15,10,7,11,10,6,7,12,21,9,16,6,15,10,44,9,19,15,15,9,12,8,17,10,7,5,29,8,11,32,12,10,12,4,6,29,7,5,8,5,8,11,6,6,17,13,10,6,14,4,2,16,8,14,7,35,8,14,22,7,18,13,6,3,7,10,7,8,1,10,4,3,1,9,17,15,4,8,6,14
A[T>G]C,27,25,12,37,24,38,9,33,25,14,8,18,33,5,19,11,25,12,31,9,14,11,11,13,16,10,7,31,5,23,23,19,21,29,11,18,9,8,41,16,11,7,41,8,16,4,7,21,11,54,8,14,16,23,18,3,22,33,6,14,9,24,28,9,12,14,35,73,20,29,34,23,30,25,21,26,24,6,6,9,6,5,12,3,7,7,1,11,3,3,15,26,3,7,8,6,6,4,11,24,16,20,5,10,6,5,5,8,3,4,8,16,4,3,11,4,8,12,9,6,9,26,5,3,3,7,11,6,3,5,2,3,3,8,9,2,4,4,12,3,3,5,5,1,8,30,2,10,11,2,15,5,6,4,9,11,6,25,3,2,13,6,6,13,3,13,8,16,2,7,1,4,5,4,9,11,4,16,4,15,6,4,9,4,6,5,8,9,3,1,7,6,4,4,17,4,1,2,25,8,7,6,7,3,1,3,14,7,4,6,5,1,5,1,7,15,5,7,4,2,5,7,2,1,7,3,3,7,6,5,5,14,3,1,9,8,3,7,9,7,5,7,4,8,8,22,10,2,8,4,5,9,4,7,6,3,9,13,2,3,11,6,6,8,3,6,16,10,6,5,3,5,5,1,8,16,8,7,2,3,6,3,6,10,8,5,10,6,9,12,3,12,3,4,9,2,10,4,1,6,5,8,6,2,6,12,3,2,8,3,3
A[T>G]G,84,90,37,103,62,97,25,123,64,34,26,83,81,19,85,47,82,57,87,43,49,63,52,52,35,28,37,74,30,84,74,70,49,81,23,48,26,14,67,35,41,35,83,22,40,24,29,62,56,115,17,40,41,80,65,37,68,62,22,53,27,42,73,25,47,45,103,179,33,51,109,65,62,66,54,56,51,10,17,13,8,8,17,8,8,15,7,20,8,9,25,31,5,12,7,5,3,6,7,37,13,9,6,8,5,8,10,8,5,9,10,16,10,8,9,5,13,8,6,12,9,53,8,4,6,13,37,11,6,14,4,6,2,15,14,7,12,3,18,7,13,4,7,6,10,73,5,15,7,4,9,6,11,9,8,9,18,38,6,6,8,6,11,4,1,12,7,17,7,13,6,8,6,9,20,19,4,25,2,38,7,2,14,1,5,4,9,9,4,5,10,6,3,10,13,2,2,11,31,7,6,11,9,4,0,1,15,5,13,26,4,4,6,5,5,5,17,6,7,5,3,10,9,2,2,8,4,10,4,4,8,17,2,7,12,10,6,5,19,13,8,6,4,5,20,25,9,8,10,21,9,5,3,11,3,6,9,15,6,4,40,11,3,12,0,7,21,10,2,6,4,10,5,2,3,19,7,7,8,14,10,5,22,4,9,11,19,11,11,13,7,5,9,6,3,5,10,12,5,4,4,1,4,5,8,7,14,7,3,8,4
A[T>G]T,59,95,26,58,57,105,11,114,97,31,28,55,66,29,49,40,70,46,78,48,59,36,41,34,38,24,37,62,27,49,46,47,44,52,23,52,33,12,73,44,42,25,78,17,36,30,25,51,52,114,21,29,35,65,52,31,47,93,22,67,22,51,63,24,39,69,96,179,34,45,63,66,56,56,48,73,64,23,56,14,10,15,31,11,8,5,8,10,8,7,13,41,9,18,17,13,13,9,18,43,25,27,11,11,11,12,10,7,6,10,9,20,20,7,30,15,18,23,12,12,15,79,12,8,8,14,34,6,12,15,5,9,8,13,20,7,17,10,21,7,18,4,14,13,25,88,5,21,20,8,27,14,19,16,14,21,19,101,9,10,14,14,18,16,5,13,10,30,10,11,8,11,10,13,16,31,7,26,5,47,8,14,13,8,11,7,13,11,9,9,20,12,12,6,21,5,6,11,37,16,15,25,19,7,5,9,20,14,24,30,9,9,8,8,12,9,9,12,6,9,8,10,12,8,11,11,7,11,2,5,22,30,2,8,18,21,2,4,19,21,9,18,3,12,14,32,8,16,18,18,20,13,7,12,6,5,16,26,7,10,39,11,10,19,4,9,32,7,3,11,5,11,13,10,9,43,8,17,6,17,8,11,18,7,20,9,32,12,14,34,6,15,20,5,5,6,18,10,9,9,15,10,3,4,14,11,14,8,3,12,12
C[T>G]A,47,46,19,36,35,53,8,60,47,32,21,47,48,15,34,21,40,30,42,23,34,36,28,27,24,22,14,25,18,41,42,43,31,38,14,26,24,7,47,34,17,26,47,14,14,20,12,40,36,59,6,26,19,17,30,14,16,53,18,35,11,43,37,12,25,32,59,126,16,37,38,60,26,40,25,19,29,6,13,8,2,3,11,3,4,6,3,14,5,6,10,19,1,4,1,14,9,8,9,24,6,17,7,5,2,2,3,9,2,1,4,8,6,1,9,4,11,8,9,3,9,35,1,0,3,9,13,1,6,9,5,6,7,5,4,4,2,8,15,5,10,3,8,3,15,45,2,4,4,2,13,7,14,6,6,9,21,18,3,6,9,6,8,6,0,6,5,12,1,6,4,5,3,7,15,11,3,18,2,25,6,3,3,0,4,6,6,4,6,2,10,5,3,6,10,1,2,2,20,4,5,10,5,0,2,2,10,9,11,24,5,4,2,1,2,9,12,6,3,6,3,3,3,3,3,5,0,5,2,3,12,9,5,1,3,10,6,2,6,3,3,9,1,7,7,17,4,8,6,11,4,10,3,8,4,5,3,12,4,6,12,5,2,7,3,4,9,6,1,0,2,7,5,2,3,16,6,8,5,2,3,4,18,3,4,3,8,2,16,18,2,8,7,2,4,3,8,6,4,4,9,2,3,1,7,2,4,5,4,6,6
C[T>G]C,54,57,30,66,36,74,18,103,61,30,21,34,41,34,51,21,51,30,43,34,45,30,26,25,27,28,16,54,17,46,38,53,27,37,18,21,20,10,45,35,18,23,56,13,29,27,15,61,38,83,10,34,19,26,35,18,35,69,24,39,16,29,51,25,26,35,71,141,19,43,57,43,49,40,30,42,32,8,10,8,8,8,14,5,6,9,5,7,4,7,15,16,3,13,11,8,12,7,11,28,15,13,9,1,10,5,7,11,4,5,7,19,13,8,12,8,10,8,12,5,7,48,5,8,12,10,20,6,12,7,7,8,7,11,9,7,9,7,22,6,7,4,10,3,16,58,6,14,14,4,9,11,12,8,6,10,10,58,2,5,2,7,8,4,6,10,10,17,7,13,5,4,9,7,7,19,6,29,4,21,7,4,6,5,8,7,7,4,7,6,5,9,5,4,13,6,5,6,38,17,6,14,8,6,4,7,8,5,3,13,7,7,8,3,6,8,7,7,7,3,3,9,8,2,4,8,4,8,5,6,6,19,5,6,10,6,5,1,9,14,10,10,3,9,8,10,6,8,12,7,5,9,8,5,8,8,6,10,6,10,24,5,8,9,4,6,13,10,1,6,3,6,6,3,6,24,5,11,4,8,9,4,16,7,8,3,13,10,12,15,6,5,6,8,5,5,8,5,5,2,4,3,5,5,9,6,7,6,3,13,9
C[T>G]G,70,106,28,90,59,129,22,148,75,56,37,85,89,44,85,39,76,49,99,45,54,61,38,51,50,38,30,83,48,68,77,79,63,84,25,47,38,20,85,50,43,41,87,17,52,41,38,82,75,126,34,28,32,67,56,21,51,91,41,63,31,54,67,45,29,45,120,226,40,49,102,73,69,74,71,88,79,5,19,10,11,2,21,6,10,11,7,19,6,6,23,23,6,15,3,19,4,7,9,62,11,12,11,5,5,11,10,17,3,4,11,14,13,8,19,6,18,12,8,4,11,53,9,3,3,13,47,8,18,10,5,6,6,12,10,11,16,3,13,7,13,5,6,8,18,86,2,12,14,4,11,8,12,12,4,13,17,40,3,3,18,8,11,11,3,8,4,25,4,9,4,6,7,9,14,18,4,25,3,34,12,4,10,2,5,5,8,15,5,8,11,5,5,5,13,1,3,4,37,8,7,11,14,3,3,8,12,13,5,32,11,9,5,11,2,7,9,11,5,4,5,10,2,3,5,6,5,14,12,8,12,23,8,8,9,11,4,4,16,17,11,7,4,10,14,23,4,12,9,11,11,6,7,8,7,3,11,21,0,5,29,9,9,17,2,7,26,4,7,7,4,12,6,5,5,20,8,7,7,17,12,7,27,6,13,5,19,8,15,24,4,11,9,7,6,5,16,2,3,2,19,5,3,6,15,9,9,10,5,10,12
C[T>G]T,107,78,43,96,62,161,24,251,93,67,49,89,97,37,71,51,92,67,88,53,107,69,38,32,82,25,32,92,33,81,73,155,63,68,26,118,38,16,89,50,39,57,96,27,81,34,32,89,75,144,22,47,50,62,41,23,50,143,31,68,35,111,82,49,61,69,153,257,41,66,125,81,74,85,59,83,66,13,145,9,9,13,37,8,7,12,5,32,10,10,33,36,8,25,19,16,6,17,19,55,39,26,11,7,12,11,17,23,12,14,13,25,26,10,98,10,26,13,19,9,13,93,12,12,13,13,47,8,17,25,10,13,12,12,26,12,14,11,23,9,28,5,9,9,29,111,5,30,20,7,33,26,28,10,10,20,17,859,6,11,27,11,55,15,10,15,24,30,18,17,5,12,17,12,17,32,6,38,7,75,20,16,13,10,8,6,11,11,6,7,13,12,7,14,19,5,4,7,62,16,10,24,17,10,4,9,15,19,26,31,12,8,13,9,8,17,12,7,11,7,10,15,11,7,11,15,12,20,8,5,21,35,8,9,13,14,7,7,23,19,12,24,6,10,18,41,8,15,22,24,14,13,10,9,11,9,13,35,5,14,24,9,11,28,3,6,33,15,5,13,10,8,16,5,8,52,18,19,10,22,11,4,26,13,18,8,32,17,21,51,15,14,11,10,8,6,13,13,9,10,23,8,4,7,25,21,10,19,6,10,10
G[T>G]A,32,28,12,38,25,41,12,46,33,28,17,30,27,17,26,23,32,25,44,16,24,21,23,25,28,19,26,33,16,46,33,37,22,41,6,11,9,8,33,24,15,13,33,7,27,13,16,41,13,53,10,20,20,18,28,7,25,50,14,29,7,28,32,7,21,18,57,111,17,15,44,23,35,35,25,33,23,7,4,9,2,2,2,4,3,7,0,10,5,7,4,10,4,4,1,3,1,3,4,16,9,11,4,1,5,2,3,1,3,2,5,12,5,4,7,3,3,5,5,6,3,22,12,3,4,2,12,0,4,5,2,1,2,5,6,3,3,5,9,4,6,1,3,0,4,31,1,2,5,1,9,6,0,5,6,13,13,14,4,1,5,3,4,5,5,9,6,3,2,2,4,6,5,7,2,7,4,10,2,19,3,1,4,4,1,4,1,8,0,0,4,2,4,2,8,2,1,4,14,0,4,5,6,1,4,2,5,2,9,7,1,1,2,2,3,9,3,0,2,2,5,3,3,2,1,8,0,8,2,2,6,12,3,0,2,4,3,1,5,4,7,8,0,2,6,11,3,5,3,7,2,5,6,6,2,4,2,5,0,2,14,5,3,5,3,2,10,3,2,2,4,6,0,0,0,8,3,1,1,3,3,1,7,1,3,1,8,2,3,13,2,6,7,0,2,3,3,4,1,2,3,1,1,3,6,7,3,1,2,4,2
G[T>G]C,18,22,7,29,19,21,4,37,19,10,15,16,27,9,15,10,21,10,33,13,26,17,13,10,11,14,19,30,14,23,27,29,27,19,3,12,7,2,27,19,7,9,20,2,15,12,10,25,23,44,9,14,16,19,16,7,22,21,4,13,8,27,10,10,14,18,49,54,5,10,25,20,28,22,11,23,14,1,6,5,4,3,8,2,3,3,3,8,4,1,11,7,2,4,5,4,1,4,5,17,8,14,3,2,2,6,5,2,2,1,4,5,2,2,5,4,4,2,7,6,2,22,1,3,1,3,13,0,5,4,2,6,1,2,4,3,1,0,5,2,6,1,2,5,3,19,1,2,3,1,7,6,2,4,6,6,6,16,1,7,3,4,5,7,2,2,2,10,2,7,0,5,5,4,3,8,0,4,1,6,0,2,2,1,3,0,1,2,0,2,5,4,3,1,4,1,1,7,13,5,1,4,3,4,0,2,8,3,4,11,2,2,3,0,0,4,1,4,1,4,1,2,1,1,2,1,1,6,2,2,6,6,4,9,3,5,2,4,6,9,5,5,3,3,5,15,1,2,3,4,5,2,3,1,4,2,2,4,1,2,11,5,5,4,2,5,10,2,2,2,0,3,1,3,4,1,0,2,3,8,2,0,4,3,7,1,12,2,5,3,4,9,3,1,1,3,4,3,2,2,0,3,1,1,3,5,5,3,2,4,1
G[T>G]G,61,50,24,80,49,73,12,81,34,37,25,57,55,22,42,20,39,50,67,36,41,31,31,36,47,40,34,72,27,43,87,82,53,55,16,23,14,17,40,42,53,30,63,14,31,25,15,54,54,73,14,49,31,60,64,22,54,51,25,39,53,45,50,20,34,28,72,127,21,44,82,40,86,51,32,115,39,8,11,8,5,2,11,2,7,10,1,8,5,1,12,15,2,3,6,4,5,2,3,26,6,11,4,6,6,8,2,5,4,4,10,21,7,6,6,8,9,6,9,3,5,28,4,0,2,7,32,3,5,4,2,3,3,4,4,3,6,6,12,4,5,2,3,4,7,54,2,3,2,1,7,7,2,5,4,0,35,18,3,6,5,2,9,4,0,3,5,15,2,5,1,1,3,9,6,8,3,20,1,30,6,0,8,2,6,1,5,7,2,0,4,5,2,1,5,1,1,3,24,11,7,6,8,3,1,6,4,3,7,18,3,2,2,2,2,4,6,3,1,3,2,4,6,1,3,16,6,13,6,9,11,16,0,16,15,6,7,4,15,11,9,12,2,8,10,26,10,13,24,8,2,4,17,4,9,9,30,21,1,3,30,15,11,7,12,13,60,15,5,7,11,27,1,4,5,13,4,5,1,11,4,10,13,9,17,6,24,8,8,10,3,13,7,1,3,2,7,6,6,0,10,2,5,2,25,25,2,1,2,6,5
G[T>G]T,78,55,27,72,38,84,7,105,57,29,29,56,58,23,54,32,51,31,67,32,55,47,23,37,35,24,27,59,30,48,65,79,40,58,20,44,28,12,62,36,39,21,63,11,33,22,10,62,42,106,17,24,28,63,36,17,43,67,26,34,13,43,59,25,28,39,86,178,23,38,59,47,49,58,45,49,43,10,39,5,4,5,15,5,6,9,4,25,8,3,15,18,7,9,9,13,3,13,4,27,19,16,10,5,9,8,4,10,6,5,13,16,15,5,40,9,21,7,6,9,6,50,6,13,8,9,40,4,3,14,5,5,2,13,4,8,8,6,16,10,9,5,12,3,10,55,1,17,9,4,16,6,3,4,5,18,11,157,4,5,14,5,18,10,6,12,6,26,4,5,2,8,8,4,10,14,1,17,4,39,7,4,8,7,9,7,4,10,6,2,12,6,3,4,16,4,3,6,30,13,7,16,6,2,0,2,9,2,11,22,5,3,3,4,7,10,7,8,5,7,1,5,7,6,7,7,2,13,2,9,9,20,3,3,14,8,4,3,11,7,2,12,7,4,9,20,9,3,13,7,10,9,6,7,7,3,4,11,5,5,28,7,5,13,7,7,16,10,4,3,4,6,7,3,2,29,6,4,0,10,2,3,12,7,7,3,17,9,15,24,2,10,10,4,2,5,8,2,4,5,11,3,1,1,20,7,11,6,9,7,6
T[T>G]A,71,84,39,66,66,112,28,126,88,39,30,74,61,28,52,44,59,55,76,35,56,49,51,29,40,23,33,64,27,53,64,64,45,59,14,33,36,16,53,53,40,29,81,14,33,17,21,65,54,175,19,37,41,66,53,20,51,123,20,51,28,62,64,26,49,58,113,205,24,67,68,75,46,56,59,58,49,18,12,25,8,15,41,5,8,8,7,11,7,9,15,28,3,16,12,14,8,11,19,40,27,36,10,3,10,19,13,16,9,6,16,20,14,8,10,8,14,18,13,9,7,67,7,11,7,17,27,8,7,12,3,11,4,18,12,7,17,1,24,6,16,3,13,4,26,88,7,13,10,4,24,14,7,18,17,52,24,27,5,3,18,14,10,17,9,13,5,24,11,10,5,6,9,7,9,22,6,17,5,40,7,3,15,10,15,8,8,4,12,12,15,9,7,6,21,2,5,9,37,13,13,14,11,9,6,9,9,11,13,31,10,6,11,11,8,17,14,11,10,5,5,13,7,4,7,7,4,17,6,10,12,31,10,7,10,13,2,3,28,13,11,16,4,11,10,32,9,6,11,15,12,9,9,14,13,4,10,34,7,3,23,9,16,24,1,11,21,10,0,5,7,16,17,6,9,25,4,12,6,13,10,4,21,15,9,11,25,14,20,65,7,12,15,4,8,8,12,11,3,8,14,3,2,2,13,13,14,9,4,10,10
T[T>G]C,54,48,23,45,49,77,10,76,44,30,28,44,48,21,30,32,42,26,54,30,43,30,30,21,30,19,14,57,19,41,56,35,41,39,13,22,28,12,41,27,31,25,64,9,33,15,16,40,42,83,15,22,39,35,45,19,38,48,17,34,14,33,40,21,34,37,84,111,27,50,65,37,46,51,34,51,34,11,16,7,11,7,9,0,7,10,6,18,4,3,19,18,4,11,13,12,5,5,12,30,17,18,10,7,11,7,7,10,5,7,12,15,8,10,11,7,12,11,4,11,10,45,2,3,8,9,19,6,10,10,4,3,6,12,15,13,3,9,12,2,8,4,5,10,10,57,2,12,9,4,17,15,9,3,7,16,13,31,5,3,4,7,8,7,3,5,10,18,2,5,1,10,11,8,19,18,13,18,5,35,6,9,10,5,4,7,4,10,4,2,13,13,6,7,12,3,1,5,26,20,7,8,10,4,4,9,11,2,8,15,6,9,2,4,9,4,13,6,8,2,2,7,4,3,8,9,2,13,7,6,10,19,10,12,6,8,4,9,16,10,9,10,3,5,4,21,2,8,13,19,12,5,5,8,5,6,8,17,7,11,23,5,6,15,5,5,19,4,5,10,1,7,7,5,7,19,4,12,6,5,5,4,20,4,8,6,22,6,11,21,7,5,6,8,4,4,7,9,5,4,6,7,9,4,13,7,8,8,7,7,5
T[T>G]G,76,111,51,106,71,100,24,114,84,41,46,86,84,32,62,45,64,42,110,45,72,59,63,45,45,29,38,97,31,79,78,81,71,80,18,49,36,24,61,45,39,29,95,21,36,32,35,81,87,130,18,61,56,89,67,28,49,81,43,65,26,74,63,34,58,55,135,199,29,65,116,54,65,78,59,70,58,11,25,9,9,11,31,7,7,13,2,24,11,2,26,31,7,17,20,17,7,8,18,50,33,16,11,7,10,12,4,14,6,9,12,22,21,9,25,13,14,8,9,11,16,73,8,9,4,15,32,6,14,19,7,6,12,12,12,13,14,7,23,5,14,8,10,11,14,78,9,27,9,6,27,13,17,11,10,21,25,46,3,6,16,15,10,17,7,14,16,40,4,11,6,3,7,13,14,28,2,27,7,59,12,15,18,6,2,7,10,15,6,3,20,13,6,10,15,7,5,10,49,12,12,14,14,5,3,10,19,10,11,19,11,6,8,8,4,15,13,16,9,5,1,10,7,7,11,12,3,12,5,7,11,19,8,7,8,9,3,2,21,15,11,15,5,14,18,23,5,12,12,23,16,13,12,11,13,5,7,23,6,8,45,13,7,21,4,7,21,13,8,8,5,12,7,7,4,36,3,17,5,17,7,3,22,10,10,6,29,17,23,19,8,11,8,11,12,4,14,13,7,8,12,7,7,3,14,10,16,7,9,13,10
T[T>G]T,160,184,70,134,120,218,39,222,187,96,65,110,168,61,92,71,112,89,131,75,121,104,79,80,76,50,53,136,50,125,114,134,104,119,41,113,69,28,122,89,61,56,122,37,79,57,64,120,107,270,45,79,78,132,85,35,79,203,47,102,56,120,101,57,73,121,204,346,71,122,142,102,109,118,79,110,109,35,140,31,31,30,54,21,18,26,13,59,25,19,40,68,13,37,25,27,18,23,31,95,46,55,24,20,18,40,25,34,23,16,17,40,50,13,71,19,43,24,25,27,31,128,25,18,14,29,80,11,33,47,27,19,19,33,30,20,26,19,50,20,31,14,19,14,45,195,12,37,40,12,63,38,31,21,34,58,49,224,13,19,26,32,41,42,11,31,21,73,17,23,27,25,19,18,47,76,12,58,13,92,27,21,28,20,14,23,20,30,17,13,40,19,17,18,38,10,14,20,101,38,22,37,20,12,6,23,42,16,45,50,29,11,15,18,13,29,37,29,21,21,22,29,16,14,11,15,17,34,30,14,26,59,22,12,27,26,9,15,43,33,25,37,11,26,19,73,16,22,29,44,28,31,22,16,18,21,21,57,21,20,51,34,25,34,14,13,56,21,6,16,16,24,29,13,17,62,27,18,14,30,28,12,59,20,25,17,51,22,37,66,18,32,27,15,8,14,36,14,16,15,35,12,12,18,37,29,28,20,10,25,27
