SBS,SP9251,SP6730,SP10084,SP5381,SP10635,SP2714,SP11235,SP8085,SP4593,SP4820,SP3016,SP6766,SP11045,SP2826,SP11171,SP5784,SP8564,SP5844,SP6519,SP5448,SP12049,SP4875,SP8795,SP116355,SP7421,SP13036,SP8891,SP116365,SP116375,SP116335,SP116347,SP116367,SP116339,SP116349,SP116357,SP116359,SP116369,SP116377,SP116379,SP7692,SP5052,SP7785,SP3415,SP2799,SP9979,SP5393,SP11292,SP2801,SP6223,SP9481,SP5808,SP96147,SP10150,SP4472,SP6813,SP96511,SP5636,SP5559,SP3631,SP5473,SP8394,SP7291,SP2997,SP8831,SP2731,SP116353,SP7171,SP10563,SP8987,SP5980,SP12186,SP10944,SP4557,SP11948,SP96163,SP7378,SP6429,SP5017,SP8229,SP8157,SP5279,SP8660,SP11878,SP9433,SP2881,SP9816,SP11808,SP4265,SP2793,SP6825,SP4523,SP9930,SP5820,SP10470,SP9648,SP4535,SP116345,SP117078,SP116363,SP117812,SP117370,SP116991,SP117629,SP124199,SP124195,SP117850,SP117127,SP117614,SP116948,SP117409,SP117593,SP117372,SP118077,SP117840,SP117363,SP117887,SP116946,SP117901,SP117454,SP124197,SP117919,SP117354,SP117108,SP117983,SP118012,SP117956,SP117975,SP2149,SP117113,SP117245,SP117402,SP117136,SP117378,SP116947,SP117369,SP117244,SP117162,SP117079,SP117344,SP118074,SP117598,SP117312,SP118038,SP117552,SP118073,SP117933,SP117250,SP117676,SP116373,SP2144,SP2147,SP2146,SP2148,SP2150,SP2152,SP2349,SP2155,SP2154,SP2158,SP2156,SP2159,SP2153,SP2160,SP2151,SP116341,SP116331,SP116351,SP116371,SP116361,SP116343,SP116333,SP2145,SP2357,SP117011,SP2293,SP117057,SP117126,SP117728,SP117618,SP117257,SP116963,SP6673,SP117944,SP117639,SP117834,SP117105,SP117785,SP117882,SP117778,SP117032,SP117710,SP117538,SP124207,SP117800,SP117724,SP124193,SP2766,SP6115
A[C>A]A,94,54,239,28,35,180,78,103,32,112,146,42,28,58,153,184,104,74,27,75,384,219,88,258,269,213,122,110,159,150,49,198,106,30,135,152,193,198,114,158,451,158,118,45,32,68,114,89,198,45,268,77,61,111,83,268,72,166,98,95,42,54,53,296,47,180,71,56,188,193,70,144,148,215,139,78,120,55,71,63,109,140,91,47,189,133,78,119,284,175,80,166,82,218,296,37,51,84,136,33,37,45,113,44,46,38,41,128,49,148,40,41,36,30,138,175,65,114,21,278,188,81,62,58,30,35,36,217,50,35,43,30,22,52,92,26,70,35,107,118,38,42,112,28,41,24,50,22,192,116,293,112,78,65,41,120,138,239,70,56,40,139,43,24,172,125,77,82,96,126,64,123,216,47,61,51,46,27,26,28,19,316,177,85,127,46,47,54,41,43,39,233,166,89,38,34,162,41
A[C>A]C,60,63,199,25,23,129,60,58,24,131,135,25,31,33,116,121,60,49,35,52,309,172,68,167,219,165,143,75,98,92,26,134,77,32,112,101,168,124,90,100,396,185,92,43,19,36,76,66,158,33,207,41,47,102,70,210,49,120,61,57,41,47,48,276,30,110,44,33,169,160,54,111,62,151,106,31,124,41,50,63,99,139,85,36,168,108,62,82,251,134,55,159,51,169,186,39,42,95,95,28,20,32,90,27,29,21,25,97,55,108,27,25,28,25,102,164,49,107,27,244,124,45,29,46,16,29,36,181,20,32,43,27,9,44,48,17,36,23,80,75,20,29,92,26,27,13,22,20,133,88,191,80,64,44,19,60,152,174,86,44,28,149,30,20,130,62,39,70,67,89,63,111,171,34,31,45,29,26,19,17,26,393,117,72,92,33,43,33,29,26,25,172,115,57,46,23,116,25
A[C>A]G,10,10,28,4,8,17,10,7,5,22,10,4,3,7,22,18,11,10,3,4,62,32,17,27,44,18,15,7,13,20,4,25,9,3,22,24,24,19,14,14,59,25,18,4,3,9,20,9,24,7,23,10,4,17,14,38,7,17,14,14,6,7,12,60,7,22,8,3,21,24,9,19,14,25,17,10,16,11,5,8,19,24,31,9,28,17,5,11,48,13,10,20,9,26,30,4,2,13,19,8,5,6,17,6,7,3,5,12,7,21,5,3,7,8,11,24,8,10,4,30,21,11,4,7,3,5,2,36,5,3,7,9,6,8,9,1,10,4,9,14,4,4,11,6,4,5,11,5,20,14,24,12,13,5,3,8,16,14,13,20,6,16,8,6,22,15,6,13,12,11,13,13,37,7,7,6,6,3,3,4,7,48,18,5,23,7,5,6,10,5,3,25,8,8,9,4,25,11
A[C>A]T,72,42,222,17,24,148,43,60,20,106,91,15,21,24,125,138,59,30,21,43,323,212,64,199,156,151,113,78,93,122,34,109,49,21,112,137,195,120,64,83,474,135,127,24,23,38,66,47,159,26,171,36,34,70,71,209,39,119,55,51,25,33,47,298,23,109,47,22,161,184,45,94,60,157,115,47,129,32,32,36,92,119,71,34,188,136,38,77,276,119,41,120,50,194,207,26,21,59,104,27,19,26,85,26,11,14,22,104,36,110,18,31,21,22,88,145,34,85,21,257,148,38,28,40,19,27,22,231,24,24,38,10,12,27,40,20,46,14,69,60,15,21,76,15,14,22,37,22,164,87,176,78,73,46,25,49,159,161,52,45,23,107,27,18,147,47,39,55,57,59,57,112,179,28,39,20,13,20,23,11,10,310,101,48,79,24,34,12,20,20,23,158,114,48,25,10,139,31
C[C>A]A,57,47,163,19,24,159,78,65,17,119,131,18,28,40,110,132,82,39,37,42,313,181,75,190,173,192,122,79,138,113,35,130,94,31,116,116,235,127,122,202,372,153,85,43,15,51,101,71,134,31,189,50,44,103,57,230,60,97,81,52,31,48,51,272,27,132,47,41,166,157,65,90,109,143,102,67,110,37,47,57,85,169,57,44,157,120,34,69,267,150,66,176,38,206,194,17,31,85,135,23,22,28,95,20,11,14,25,103,41,115,23,32,24,10,110,132,48,75,13,254,129,53,47,76,19,25,37,190,33,23,35,15,16,23,86,20,45,18,80,114,28,17,64,17,33,14,39,21,115,111,222,85,64,31,40,76,173,186,61,57,33,157,38,20,147,104,80,52,67,78,72,106,167,52,92,32,19,22,15,23,20,343,128,53,70,42,44,22,19,30,34,152,177,68,16,18,144,32
C[C>A]C,73,35,161,18,13,143,41,33,10,121,111,13,18,19,106,110,57,14,24,40,285,165,57,144,136,113,113,77,71,88,28,141,47,20,106,95,150,112,68,78,396,157,112,29,13,39,90,33,115,29,178,36,28,101,44,196,34,85,46,51,25,31,42,253,19,103,25,32,158,176,46,89,39,131,91,41,95,26,32,40,66,123,65,29,140,102,36,65,264,108,42,120,27,198,164,18,28,59,95,14,11,16,80,16,15,9,6,87,27,113,11,23,22,19,77,113,17,68,11,191,128,33,11,28,9,23,15,168,15,22,20,13,11,26,53,9,31,13,72,66,18,12,45,8,19,8,19,13,129,67,184,50,82,35,21,39,164,143,48,36,31,96,21,14,141,40,41,51,54,64,52,77,160,23,49,22,16,11,8,7,12,318,107,33,56,27,38,9,25,22,22,159,98,42,19,10,137,20
C[C>A]G,13,9,16,6,9,15,10,10,3,20,25,3,6,4,15,16,9,10,4,10,43,25,16,28,26,28,19,16,27,11,3,36,13,7,15,21,26,19,18,32,54,17,11,8,0,18,8,13,19,13,36,4,10,18,9,32,13,16,6,14,5,5,13,41,8,25,6,7,16,30,8,24,13,23,21,6,19,6,9,4,13,26,22,7,30,29,9,7,48,33,9,18,7,33,31,3,11,22,14,1,5,5,17,2,3,3,4,9,5,18,5,5,3,4,4,15,4,7,3,23,17,7,4,10,2,5,6,32,3,4,2,3,4,3,10,3,8,0,9,21,6,2,11,2,2,1,6,1,17,18,22,14,6,7,7,12,29,16,8,13,6,23,4,0,25,28,12,6,15,24,14,9,27,8,16,5,6,3,5,2,0,48,18,9,8,8,9,0,14,8,11,19,22,13,6,3,22,12
C[C>A]T,68,57,189,7,20,173,62,65,14,116,126,8,19,43,104,137,78,23,25,46,317,168,63,159,148,213,104,77,117,99,19,125,77,22,93,133,156,92,91,133,437,156,105,28,17,49,60,66,141,19,205,41,51,92,43,191,52,97,45,53,35,36,32,270,29,136,29,44,145,173,51,115,70,129,112,44,110,40,42,41,111,139,71,37,167,114,50,68,235,226,43,134,49,180,201,19,27,97,95,16,15,18,80,19,11,12,19,80,21,102,17,19,25,18,71,113,25,81,11,262,141,44,33,45,13,17,14,162,27,22,23,18,18,34,44,14,33,19,73,107,24,18,84,7,13,8,19,11,146,72,201,69,49,26,27,73,137,153,43,27,22,137,30,20,137,76,54,56,59,56,55,84,190,35,56,19,22,28,23,13,16,310,95,60,80,22,43,12,17,21,27,151,199,50,23,14,151,23
G[C>A]A,75,69,122,23,22,89,100,95,20,65,99,17,16,31,76,85,92,56,19,57,199,100,64,185,149,208,73,55,159,92,55,112,97,37,65,77,150,148,149,292,222,95,73,48,32,36,50,84,65,26,142,65,32,102,44,147,72,109,57,55,29,67,41,203,37,215,52,46,112,115,81,68,184,90,75,130,89,52,56,81,82,122,42,37,150,75,58,66,266,112,44,99,68,144,172,17,40,79,78,27,40,32,56,26,29,14,44,69,39,113,24,37,28,22,100,101,51,55,15,171,100,78,61,46,19,8,29,152,49,28,32,22,18,30,43,22,30,16,49,116,13,20,59,23,35,11,46,28,97,63,135,53,45,44,58,81,86,134,48,67,36,121,28,18,105,122,62,50,44,81,51,57,172,32,59,46,22,26,17,14,24,207,77,42,64,51,28,21,46,11,21,136,126,72,30,17,95,20
G[C>A]C,45,45,84,14,16,83,27,50,15,92,64,11,14,21,64,66,56,33,13,26,182,127,37,90,100,95,92,49,77,58,25,106,50,21,69,63,128,73,37,74,225,109,71,15,12,28,41,36,78,20,130,29,18,62,47,167,33,62,31,41,21,28,44,165,20,66,29,26,98,90,37,73,55,76,75,28,83,24,22,38,58,101,52,26,96,67,35,53,161,63,30,76,29,100,107,11,29,44,62,14,16,16,54,18,9,8,13,60,27,73,18,18,21,10,68,84,24,62,11,130,69,33,12,21,14,15,18,116,21,27,13,11,15,15,42,13,33,9,39,47,22,13,50,16,20,12,23,8,95,61,107,38,42,27,12,45,104,129,54,21,22,69,25,15,80,46,28,43,37,48,47,76,91,20,25,17,12,17,5,11,13,205,74,32,50,28,18,15,30,15,15,76,74,27,26,10,71,17
G[C>A]G,8,6,13,5,8,16,10,11,5,16,10,5,2,7,13,7,18,12,5,13,35,12,8,8,20,22,6,10,17,13,5,21,8,10,10,6,9,21,16,21,33,12,12,8,3,5,11,14,13,4,23,12,13,9,9,19,5,15,9,8,6,6,7,25,6,25,14,4,16,21,10,9,15,14,9,8,15,7,12,7,12,17,12,5,21,14,12,8,33,27,12,14,8,9,19,5,4,21,13,2,5,9,13,5,10,5,4,8,13,16,7,7,5,4,12,12,8,6,10,20,9,10,8,5,6,2,5,19,12,4,6,2,5,9,1,3,9,4,7,12,2,5,11,5,6,4,7,1,12,9,17,3,4,7,7,10,14,20,6,13,7,18,7,2,20,18,9,6,9,17,8,10,18,3,11,4,7,5,3,6,5,28,9,15,10,8,7,5,10,5,4,16,13,7,6,5,8,6
G[C>A]T,49,66,101,10,13,109,72,63,13,68,71,12,9,22,64,90,56,36,17,40,191,103,53,111,139,165,79,58,124,75,35,98,63,25,76,75,129,131,95,171,251,109,76,23,13,33,40,59,97,10,135,38,22,71,46,130,53,87,29,39,20,32,38,159,21,128,34,29,103,103,58,60,109,108,80,57,88,40,30,46,56,114,46,24,102,76,25,50,231,94,44,89,31,141,130,18,25,54,64,15,16,19,42,13,16,7,30,39,27,78,16,14,18,14,63,94,28,51,14,173,94,49,42,28,19,19,14,114,24,15,19,13,10,13,44,11,33,7,54,85,6,10,57,8,18,12,22,12,106,60,120,57,42,24,24,70,99,141,31,35,31,93,22,16,97,80,54,24,32,57,48,52,127,16,32,20,21,21,14,10,13,202,67,33,57,27,32,22,21,20,17,117,106,37,21,10,81,20
T[C>A]A,65,87,171,19,33,204,99,135,30,84,123,21,85,66,80,151,101,60,34,98,248,118,122,195,222,306,132,99,141,92,55,122,115,40,116,192,180,200,120,613,309,167,154,45,21,62,93,91,114,37,187,60,203,155,266,249,84,514,843,98,52,82,52,300,49,196,73,80,167,150,404,267,152,134,173,99,107,75,73,66,221,106,148,396,170,115,71,91,265,389,89,338,82,188,166,21,53,172,110,25,30,50,91,37,32,24,30,80,46,160,20,464,35,26,139,138,50,121,22,792,151,62,50,82,25,33,42,160,40,40,89,32,28,30,1676,50,44,49,77,146,25,32,310,21,43,13,227,21,146,99,265,85,182,67,63,161,189,152,120,61,163,215,56,34,187,159,65,100,401,135,56,117,166,985,1731,82,28,37,27,25,20,550,213,88,109,78,129,46,51,35,40,177,159,90,32,34,131,35
T[C>A]C,86,61,132,18,24,202,60,82,33,84,99,30,47,35,88,136,80,57,21,87,245,121,94,142,179,170,104,94,139,86,32,122,77,45,113,148,170,163,88,282,324,140,133,45,37,49,73,80,118,46,177,58,107,152,131,223,51,287,332,81,46,54,47,286,40,134,83,59,194,169,175,183,119,149,163,61,99,42,52,50,111,122,131,167,155,102,63,87,225,202,79,256,65,173,113,33,46,90,95,16,23,27,102,47,33,23,30,74,51,129,20,204,35,24,95,113,55,82,18,339,124,55,43,53,29,26,31,160,30,36,58,24,29,46,518,25,36,21,60,118,17,37,132,21,26,16,79,23,115,91,162,67,124,44,36,107,144,159,78,63,76,179,27,35,157,96,60,64,258,125,61,94,119,376,700,46,28,35,25,21,19,350,135,63,105,53,52,34,55,29,27,161,136,61,53,25,123,41
T[C>A]G,6,12,24,6,11,10,11,16,4,13,15,8,12,8,13,16,21,9,6,13,31,18,17,12,28,36,21,15,24,12,9,21,18,8,19,18,20,19,27,64,33,14,15,10,5,12,17,21,15,7,24,10,14,14,27,16,12,49,68,13,4,9,8,39,9,27,12,8,16,17,37,34,23,16,19,14,11,14,14,9,30,21,31,28,20,16,9,6,27,27,10,38,7,18,14,3,9,18,12,5,8,8,9,6,9,8,6,2,9,24,5,41,1,6,25,10,12,11,6,48,12,9,10,9,5,1,5,12,4,3,8,3,2,4,92,9,5,6,3,22,5,4,19,6,8,2,16,6,12,10,18,8,10,8,2,22,10,18,15,4,15,27,4,5,15,19,11,7,27,24,7,11,25,57,101,10,5,5,4,7,6,33,20,11,14,6,13,7,13,10,8,23,22,14,7,5,8,13
T[C>A]T,91,134,250,24,28,265,151,182,44,100,134,41,64,69,107,187,144,67,48,139,326,173,155,193,262,419,186,117,276,149,90,176,162,60,147,159,225,239,208,541,423,191,203,55,21,73,95,135,163,34,265,87,135,186,230,290,81,420,396,122,57,107,70,398,96,329,84,84,252,196,245,260,240,170,206,135,140,92,84,77,229,170,147,206,256,129,92,91,404,488,117,303,106,223,204,37,76,199,116,33,52,57,97,39,38,28,36,101,69,198,20,216,54,38,162,139,69,100,26,532,199,113,82,93,40,30,34,184,88,53,76,32,19,36,620,41,55,29,99,216,29,33,243,30,45,18,122,27,146,107,324,98,166,71,85,174,175,266,120,56,104,318,51,29,177,246,99,115,257,164,97,126,236,549,984,78,46,55,25,26,26,471,175,105,112,77,86,49,37,49,36,228,291,101,56,40,157,38
A[C>G]A,95,24,95,8,17,150,46,26,10,105,119,17,8,48,79,64,42,35,17,50,217,114,45,142,186,83,69,88,79,71,13,138,42,19,121,115,196,88,33,65,269,106,123,12,14,49,85,24,118,9,134,29,33,86,40,189,27,99,119,58,19,18,33,236,21,72,25,31,156,167,44,82,40,152,137,22,183,31,27,43,50,137,128,52,117,98,37,43,213,84,40,129,27,165,160,7,25,48,96,6,9,12,80,11,12,18,3,82,19,88,8,44,18,17,12,100,15,50,12,168,123,17,10,20,7,13,16,189,9,15,32,6,16,15,111,14,28,17,52,62,15,8,35,6,12,9,21,12,191,93,144,62,61,26,14,30,113,128,43,75,22,98,19,17,142,31,20,29,62,103,42,58,125,58,143,13,10,11,10,4,12,195,87,26,51,18,22,12,10,20,10,122,70,31,21,12,95,20
A[C>G]C,40,19,61,8,7,70,36,19,14,60,73,14,10,22,52,42,36,16,19,42,117,62,39,63,103,39,60,36,50,41,20,76,20,12,48,48,92,53,18,35,161,65,65,6,5,28,47,16,45,10,113,19,21,62,24,120,17,58,36,27,12,18,16,150,14,85,14,12,92,94,17,44,27,80,82,13,76,17,19,35,32,65,73,25,66,66,12,25,120,67,24,76,22,113,90,11,17,30,62,8,11,4,50,15,8,11,4,43,14,73,8,19,22,16,16,57,7,44,7,93,63,16,13,14,3,13,7,106,4,15,22,5,9,18,41,9,10,11,45,39,18,5,24,5,10,8,9,5,89,40,89,39,35,24,11,26,75,75,30,30,17,81,16,10,70,29,15,22,33,63,21,44,85,31,43,16,12,8,5,8,8,114,42,16,40,15,14,3,20,15,21,79,60,25,13,8,49,21
A[C>G]G,11,4,25,0,0,35,3,5,5,23,42,1,5,13,22,13,12,9,4,14,39,35,18,36,58,10,10,25,16,28,5,46,10,9,38,22,29,24,14,14,53,19,30,5,3,16,19,6,33,5,32,6,5,19,13,53,6,17,7,28,7,2,14,98,4,37,6,6,33,43,7,14,9,37,33,1,48,7,8,9,7,61,82,13,31,67,4,8,89,6,13,44,6,44,49,4,3,8,16,4,3,4,12,2,1,3,1,8,1,18,2,6,5,0,5,22,4,14,4,32,12,9,1,9,2,2,5,65,3,0,7,2,7,6,8,0,11,1,13,14,2,4,7,2,2,1,2,3,30,20,23,12,15,7,1,7,18,21,5,19,3,26,5,1,47,25,1,5,16,20,21,17,58,9,9,5,4,2,2,0,3,47,22,1,4,8,3,1,4,6,2,20,21,5,6,1,21,19
A[C>G]T,96,18,118,7,9,145,45,35,16,112,131,10,13,42,78,80,57,29,13,36,230,116,65,171,164,95,80,67,69,82,13,116,38,21,126,110,183,100,39,61,253,122,92,16,8,39,87,22,106,24,139,28,33,98,58,264,27,117,89,70,33,15,38,275,15,87,30,19,142,154,43,79,45,128,128,24,164,18,31,46,58,138,135,59,109,147,34,57,219,73,35,129,31,182,158,11,12,45,114,16,7,11,88,16,8,8,10,105,18,107,13,33,12,13,19,79,16,51,5,189,113,22,5,27,6,12,19,201,12,17,18,5,15,20,119,5,24,16,49,58,20,9,49,5,12,11,22,10,192,98,128,73,81,29,17,35,114,137,34,48,24,114,29,21,122,51,13,45,61,96,48,66,119,63,128,10,9,13,6,7,4,197,103,18,50,14,38,9,20,18,10,118,76,31,16,14,104,18
C[C>G]A,66,15,47,2,10,151,12,17,13,60,82,10,12,32,55,49,19,14,11,39,155,57,40,88,97,51,75,62,37,53,5,86,21,18,65,83,131,67,13,55,147,80,96,9,4,28,42,23,69,9,114,11,24,83,36,169,12,66,117,51,15,10,21,188,17,61,13,12,120,96,19,63,26,92,105,17,99,23,17,30,36,105,76,63,67,61,17,41,137,61,29,116,21,109,107,7,5,19,53,8,9,11,67,3,4,8,5,44,11,86,8,37,8,8,15,68,18,46,13,130,83,12,3,21,6,6,11,119,3,8,20,7,10,15,113,12,18,10,28,37,8,4,34,11,2,6,16,7,99,56,116,40,50,13,10,30,83,96,28,30,20,75,8,10,91,40,17,18,54,33,44,57,86,57,181,6,7,9,7,3,6,143,52,12,34,8,28,8,9,9,10,66,57,17,8,6,90,15
C[C>G]C,52,10,36,3,9,92,23,15,11,77,74,10,15,20,57,40,28,13,12,28,128,58,44,63,89,48,68,48,29,47,6,90,20,9,53,61,113,46,24,41,152,73,86,8,9,29,38,15,55,4,104,16,16,64,17,134,17,54,35,44,21,13,25,178,14,74,15,10,81,86,14,64,21,62,82,13,82,12,15,21,29,92,83,22,77,55,19,35,136,48,25,78,26,92,83,10,11,15,57,9,3,16,46,11,4,4,1,48,8,67,8,15,7,9,22,65,16,47,9,95,71,11,6,17,5,9,12,91,6,10,8,7,7,14,30,8,9,14,34,26,14,6,26,8,5,5,11,5,68,48,95,31,53,22,6,23,79,92,16,20,15,42,14,8,71,17,13,25,28,43,31,43,78,17,32,10,11,7,5,6,7,115,48,15,18,11,16,12,14,16,12,88,47,18,17,7,76,25
C[C>G]G,22,11,14,3,3,39,6,11,2,42,45,3,5,10,27,24,17,18,15,6,49,18,22,47,56,17,13,32,27,18,5,49,14,15,18,25,37,38,17,46,86,30,15,3,4,28,12,9,20,13,27,15,5,24,15,61,7,28,14,39,15,6,19,77,4,49,6,5,37,23,8,15,6,50,28,5,43,20,10,14,20,43,81,11,60,46,9,10,66,19,6,33,13,39,34,3,10,8,20,5,2,5,19,7,7,2,3,11,4,15,0,9,0,3,4,21,5,8,3,25,21,5,3,5,7,7,5,63,5,7,1,1,6,7,5,5,2,5,9,15,3,1,4,5,4,4,4,2,30,11,18,11,18,4,1,10,22,24,10,24,5,23,6,5,20,24,7,11,16,21,17,20,36,1,16,3,1,5,1,0,3,50,14,11,3,7,5,4,1,5,4,25,9,4,4,6,41,23
C[C>G]T,79,19,50,7,7,203,28,31,15,106,123,21,18,34,75,69,53,19,7,51,196,96,55,103,176,60,74,83,55,64,3,79,29,25,126,104,173,92,36,70,223,98,133,20,8,30,51,14,95,14,140,24,33,83,56,243,30,111,131,56,22,20,28,288,26,126,15,17,189,149,41,96,26,127,128,36,119,21,21,47,50,133,112,83,101,93,21,51,195,91,34,159,31,163,128,8,14,37,99,15,12,8,61,13,10,11,8,86,15,106,7,41,20,14,19,85,14,44,12,171,104,25,7,27,12,11,15,141,4,14,20,3,15,18,139,4,25,14,51,50,14,14,50,6,5,7,25,10,144,91,147,49,61,15,21,41,95,156,29,30,36,104,15,16,122,25,17,34,98,66,61,84,119,70,194,18,12,10,4,8,7,205,72,27,38,13,29,13,17,18,16,138,57,23,18,3,81,21
G[C>G]A,36,6,28,3,4,78,18,6,8,68,63,6,8,13,38,29,14,18,6,13,100,33,23,82,103,28,28,44,29,31,4,65,17,4,53,53,76,38,18,23,100,39,46,11,3,27,32,10,49,11,65,13,14,44,25,114,10,43,39,32,15,7,16,132,7,28,13,4,71,78,16,37,20,55,77,6,83,13,13,17,22,69,45,25,38,43,9,24,83,50,21,58,13,95,86,6,12,18,56,6,4,4,38,4,5,1,1,35,6,54,3,17,6,7,16,51,11,32,9,63,64,14,4,14,2,6,5,72,4,6,15,1,7,8,43,7,8,7,36,33,13,3,13,3,3,5,14,5,77,48,72,26,27,8,8,18,61,52,24,20,10,47,10,9,68,19,10,15,28,38,23,35,66,14,55,4,7,2,0,5,4,93,31,13,23,6,14,2,9,9,7,59,31,9,9,4,35,9
G[C>G]C,30,9,43,3,8,64,22,8,7,61,51,10,10,11,19,32,23,16,8,21,108,41,14,49,69,47,45,22,26,33,9,40,20,12,47,50,84,36,20,31,98,46,43,13,5,19,41,12,40,6,84,16,20,45,17,98,10,43,22,31,21,8,19,122,7,48,12,14,76,61,14,29,17,49,61,8,77,15,8,17,20,57,38,5,48,31,21,26,94,38,16,47,13,88,82,6,13,27,31,8,9,6,34,3,2,10,2,36,11,52,9,16,11,11,7,37,14,32,11,69,53,11,6,7,3,6,12,65,11,10,17,7,13,10,36,8,7,7,28,22,7,4,27,4,7,2,10,8,66,29,70,25,31,15,7,16,79,64,19,20,13,50,11,9,61,23,6,18,24,40,33,33,55,24,31,7,8,8,3,3,2,93,36,13,28,9,17,2,5,5,3,54,48,16,8,2,54,10
G[C>G]G,8,1,6,0,1,14,8,3,1,19,26,4,1,7,12,7,11,3,2,5,23,19,6,19,27,5,7,16,5,19,4,21,14,4,25,13,15,12,5,0,30,17,12,1,1,8,13,3,9,2,20,3,1,13,2,27,3,4,5,9,4,4,11,42,1,16,2,1,22,23,5,7,3,26,19,1,25,5,4,3,5,21,24,4,10,20,5,7,36,16,12,19,2,20,33,1,2,6,6,1,0,3,2,2,0,2,5,3,3,10,2,2,2,3,3,19,2,3,4,19,11,4,2,2,1,2,0,34,2,3,0,0,5,1,7,1,4,1,1,7,5,4,4,2,1,4,2,3,20,15,17,9,7,0,0,1,9,13,4,12,1,15,3,3,13,7,4,3,14,5,8,2,20,5,5,6,3,2,0,2,2,8,4,0,4,4,1,2,4,1,1,14,9,6,3,0,7,7
G[C>G]T,51,8,34,6,10,107,23,18,9,93,86,7,15,19,54,30,27,15,8,33,157,80,40,110,131,50,56,71,27,49,10,97,32,10,74,83,140,59,20,42,179,84,90,5,12,33,39,14,70,12,91,13,24,65,39,185,18,63,55,38,9,14,19,214,17,51,23,12,127,134,23,49,18,93,124,21,133,17,10,26,23,91,99,40,63,81,8,40,151,59,18,93,16,139,124,4,10,17,87,9,5,6,67,9,4,3,2,67,11,77,2,21,8,6,15,73,10,38,8,116,85,12,10,14,8,6,4,134,6,14,18,8,4,6,74,6,20,10,35,34,7,9,28,2,4,3,14,5,142,64,96,45,51,15,5,18,84,97,20,31,14,79,15,15,85,18,8,21,51,53,30,46,93,52,89,11,10,5,7,5,4,146,40,14,24,11,19,5,8,12,6,112,44,16,13,6,71,10
T[C>G]A,119,61,131,8,20,687,68,116,24,93,276,12,416,72,78,139,88,61,22,466,299,111,170,395,410,513,274,385,78,66,14,123,67,16,179,496,322,223,25,2138,291,212,606,12,17,70,287,30,200,14,199,41,842,220,962,517,42,2290,5723,211,128,14,28,579,87,127,58,154,408,345,961,838,66,229,558,56,204,37,64,125,334,221,575,2334,140,275,45,79,278,844,71,1614,100,269,164,12,32,84,143,9,14,25,159,11,15,74,6,75,32,132,13,1923,27,32,35,135,27,410,25,2285,255,27,11,152,6,17,28,173,8,54,299,4,10,26,7658,177,38,223,56,126,20,150,913,8,9,12,1006,16,213,227,218,181,501,26,42,180,335,168,126,184,807,447,47,140,465,64,25,130,1431,145,115,162,146,3748,9790,83,19,6,5,16,12,1481,429,68,60,113,316,85,21,24,22,272,107,101,46,72,143,57
T[C>G]C,85,32,80,9,11,448,52,56,13,110,144,13,86,40,68,93,55,43,16,156,235,99,89,174,231,124,128,146,73,42,12,104,19,13,137,181,225,132,35,433,226,161,327,16,19,32,107,20,119,15,152,35,192,125,223,289,25,498,1073,103,42,20,36,366,44,94,23,50,221,186,202,234,38,156,241,33,116,26,45,72,100,145,230,485,106,144,34,80,199,258,50,516,40,192,121,11,19,51,96,4,8,15,91,16,8,19,7,61,15,111,12,351,15,12,21,102,25,137,10,563,162,29,9,43,12,9,18,131,14,18,95,10,9,20,1576,38,23,46,66,66,17,39,226,6,9,9,190,7,131,143,183,99,159,25,23,88,142,147,48,88,215,254,16,52,182,40,19,63,336,99,76,90,127,759,1877,39,14,9,9,16,13,451,154,30,61,43,61,41,17,19,21,189,77,40,26,21,110,27
T[C>G]G,15,11,13,1,1,45,11,14,1,16,40,2,22,9,16,17,14,6,1,21,40,19,15,43,39,39,19,25,16,9,3,25,11,10,14,23,23,28,8,89,50,22,28,4,4,12,25,6,18,3,8,1,44,12,61,53,5,101,244,32,14,4,16,67,6,34,9,9,25,34,41,42,5,25,40,7,25,7,6,9,27,41,56,68,21,37,8,8,38,50,15,70,8,37,27,4,3,6,11,3,1,3,18,6,2,3,0,8,3,7,2,90,4,2,2,11,3,20,4,103,16,3,2,9,6,2,0,43,1,9,8,4,4,8,243,4,2,2,6,4,3,7,40,3,2,1,34,3,32,19,10,14,26,3,2,10,30,15,5,23,22,26,5,9,29,8,2,12,70,12,19,7,18,100,333,7,3,5,1,0,4,57,21,10,6,8,10,1,3,4,1,18,17,14,3,9,32,7
T[C>G]T,239,90,236,14,28,1125,136,214,35,207,395,31,457,116,148,257,144,89,43,536,475,183,234,551,730,601,437,470,126,105,24,227,85,40,405,659,505,382,55,2483,537,398,869,25,28,130,343,77,350,32,374,59,1105,320,1361,871,85,3287,6299,329,195,42,93,993,141,236,89,209,631,488,1187,1204,118,344,806,101,282,76,122,236,421,375,857,2747,226,345,84,174,491,1054,129,2093,145,510,285,28,49,148,258,15,26,57,279,29,37,93,14,178,45,274,21,2336,50,52,67,203,41,498,39,2999,457,69,24,228,22,23,52,341,16,78,378,13,24,70,9019,192,76,284,116,235,20,155,1137,15,13,17,1122,31,403,389,432,263,734,68,46,298,460,304,160,290,1004,732,69,169,617,106,66,206,1764,199,167,264,260,5127,12261,136,44,29,6,40,23,1843,553,147,121,148,462,97,35,56,38,434,210,153,102,100,275,83
A[C>T]A,126,91,238,24,46,187,80,70,54,140,155,63,44,67,116,174,101,86,45,104,313,133,107,165,251,215,129,90,181,116,62,161,83,81,118,160,178,191,103,188,397,200,132,45,46,82,114,76,164,46,234,83,89,119,148,269,50,150,173,123,79,63,58,314,44,219,60,62,159,201,100,199,87,152,141,42,160,72,73,79,152,139,165,108,179,130,66,79,298,211,81,152,88,247,281,40,68,110,111,31,41,45,120,88,44,45,25,110,50,158,47,88,45,47,95,153,73,121,30,268,172,63,54,49,34,54,41,211,34,47,58,29,52,65,303,30,64,36,91,124,57,37,86,26,44,24,66,35,152,101,229,77,65,87,44,112,142,196,97,70,48,196,58,31,164,117,73,77,95,174,108,140,193,211,295,47,44,41,34,34,25,339,115,90,106,53,60,35,49,49,53,134,159,63,61,50,169,59
A[C>T]C,61,56,103,17,26,83,43,47,35,79,73,21,23,28,64,71,51,50,27,54,123,76,64,77,119,103,76,54,105,67,39,71,32,39,75,58,86,100,42,85,183,83,46,31,18,45,55,69,89,18,126,43,34,82,63,121,29,84,47,58,58,25,46,165,31,124,43,40,93,97,46,80,54,84,88,20,87,47,32,38,78,80,88,48,112,63,44,38,106,109,27,74,54,99,104,28,29,90,64,18,24,35,55,42,22,25,13,59,50,69,26,35,34,27,43,67,40,63,24,111,75,47,34,23,23,34,40,103,19,25,30,22,25,40,86,23,46,25,50,77,29,24,42,17,24,25,39,27,66,60,104,39,60,44,18,56,79,105,44,57,38,101,25,18,83,57,38,49,45,65,54,53,68,64,88,20,37,24,20,18,21,163,76,62,86,52,48,18,43,17,33,83,90,48,36,24,40,23
A[C>T]G,149,272,257,92,119,185,147,168,134,145,178,114,64,128,161,191,293,432,152,224,277,114,262,161,282,348,127,105,440,167,204,298,143,153,118,164,183,292,244,408,239,195,151,118,114,244,95,184,186,163,223,180,208,119,162,218,146,223,132,205,265,139,130,193,113,383,145,226,184,153,272,403,150,178,151,144,164,169,228,162,305,154,322,219,180,131,246,156,195,516,148,119,331,158,222,185,132,170,121,100,129,135,109,170,175,125,101,150,154,140,139,97,156,105,134,164,159,116,144,119,164,157,144,114,110,89,175,193,132,153,126,98,85,148,141,62,193,82,126,378,89,129,103,89,151,72,101,91,161,106,206,100,102,188,136,241,93,181,288,133,109,374,91,59,133,202,174,95,76,267,145,87,150,148,143,104,168,118,88,86,126,196,141,270,207,218,125,103,123,121,96,149,186,216,195,116,144,101
A[C>T]T,92,51,181,18,32,157,33,57,43,119,125,31,26,52,121,117,67,63,37,78,252,155,68,192,224,123,110,74,123,113,36,133,64,45,129,143,191,107,75,108,370,165,107,35,17,57,94,67,134,26,195,34,38,95,87,182,47,109,84,89,51,31,51,241,35,150,45,48,135,200,45,128,61,126,114,40,153,40,53,59,119,119,147,66,164,139,47,67,267,158,51,145,59,196,263,36,39,88,121,18,24,40,81,43,25,26,18,86,51,123,34,47,29,21,71,119,46,61,22,251,139,33,27,39,24,32,31,229,37,22,26,19,39,37,115,18,50,30,74,84,36,27,66,8,23,18,37,32,155,83,218,67,84,40,31,61,112,159,70,81,33,141,29,26,123,85,53,54,67,89,95,101,182,89,126,40,34,17,27,13,16,260,117,74,60,47,58,19,47,37,40,163,119,65,43,31,137,31
C[C>T]A,75,76,112,21,46,140,53,66,40,100,129,44,65,46,61,123,103,68,50,118,179,94,91,119,164,196,103,88,118,80,31,112,54,69,82,117,126,116,92,265,217,121,119,56,35,72,90,107,110,39,158,64,102,102,169,177,40,221,290,93,91,51,44,217,51,179,75,97,152,117,93,192,69,92,114,64,109,62,58,47,158,98,137,128,121,84,57,53,150,200,55,172,76,130,219,43,43,130,87,23,40,45,89,81,40,33,34,80,44,119,18,125,42,44,88,113,53,69,29,212,124,54,38,67,28,33,55,124,47,51,60,31,40,50,580,29,37,38,61,95,37,34,116,16,47,16,80,42,115,78,171,74,83,64,38,111,125,150,94,80,91,159,49,22,135,84,80,63,104,135,70,99,130,412,645,52,37,35,22,25,43,267,117,98,91,65,74,44,60,32,56,127,149,66,55,43,91,33
C[C>T]C,69,67,89,28,39,97,59,59,54,77,93,51,33,35,52,79,73,46,50,78,170,60,67,75,129,114,70,66,90,78,52,101,28,45,61,92,96,94,73,137,183,93,67,57,31,50,53,73,57,36,138,51,48,95,119,130,54,109,79,78,57,46,56,167,36,142,50,65,88,87,63,120,60,114,82,45,62,57,42,48,97,90,95,62,103,82,42,48,124,131,57,102,69,97,126,44,50,110,60,21,40,46,63,53,42,35,21,63,56,102,27,47,35,33,56,83,42,77,20,121,105,67,31,43,33,39,44,105,49,34,42,24,22,48,141,36,48,28,55,86,25,33,61,28,45,31,52,40,70,48,142,64,46,70,20,73,89,114,73,63,51,123,45,26,108,58,70,61,48,106,59,83,91,100,138,43,38,39,30,24,30,175,100,103,87,54,51,30,60,41,42,116,105,48,54,36,74,25
C[C>T]G,93,163,139,45,72,108,110,108,85,88,130,58,50,82,72,122,161,289,88,138,199,80,148,105,163,247,95,88,293,104,147,157,88,82,78,94,126,182,173,278,168,119,84,76,70,132,64,119,110,83,142,100,142,72,155,160,98,143,153,154,136,94,102,173,66,273,86,133,128,120,156,271,107,109,115,90,119,111,140,94,182,109,217,139,149,79,155,97,120,323,91,99,175,122,123,105,105,152,83,78,74,90,88,116,101,80,63,96,96,98,61,85,99,73,111,111,114,73,86,100,84,114,84,80,61,68,111,144,82,81,83,72,59,101,123,44,103,53,69,224,47,103,82,60,82,42,66,63,111,64,93,53,75,110,61,179,84,124,169,99,91,238,52,49,89,130,122,81,61,190,121,67,106,119,236,49,109,68,56,53,58,166,89,166,117,112,94,60,86,82,80,86,113,147,113,58,105,64
C[C>T]T,107,94,185,27,49,220,68,75,56,162,117,43,42,63,125,119,104,84,54,101,295,149,97,168,216,181,167,101,128,131,54,123,81,57,130,131,205,134,97,185,368,185,156,45,31,65,104,79,180,36,219,57,73,112,148,259,52,155,186,79,89,48,58,242,50,175,81,68,165,186,88,203,64,141,153,51,129,62,47,62,158,132,163,93,165,144,78,91,266,240,69,189,75,167,221,43,59,121,130,39,35,52,92,75,47,38,32,94,70,146,34,85,49,50,90,135,60,104,25,271,186,56,43,59,37,51,45,200,43,47,49,36,50,55,283,21,59,34,68,94,52,38,87,24,46,22,81,41,155,107,223,97,96,65,43,116,166,162,77,87,65,178,46,41,152,98,77,75,83,101,94,113,189,224,330,52,58,37,29,31,35,374,125,104,95,76,70,40,58,43,46,162,134,90,54,36,126,33
G[C>T]A,68,75,86,13,37,99,74,58,38,123,117,40,45,39,73,102,80,57,50,100,188,102,69,92,186,151,99,65,115,62,51,114,43,44,84,86,128,120,88,152,207,124,69,49,16,66,44,85,101,39,178,59,79,96,109,184,45,141,162,70,61,58,55,191,50,221,47,59,124,127,74,136,86,128,96,49,143,66,50,49,105,101,116,108,133,91,64,57,189,186,70,102,91,145,194,32,51,101,83,28,24,40,75,61,44,21,36,78,67,114,27,69,48,28,81,108,42,94,36,165,129,34,33,51,33,28,50,130,46,42,58,26,21,48,312,41,34,34,77,88,33,35,84,21,29,21,81,36,125,72,150,60,55,58,34,83,107,140,92,49,60,120,47,15,130,71,41,43,63,122,63,85,106,192,292,35,33,34,20,14,27,209,121,77,80,43,52,38,63,37,40,100,122,61,40,30,82,40
G[C>T]C,46,61,95,22,44,103,80,45,44,79,110,46,33,31,70,70,87,46,44,85,157,57,104,74,136,150,89,64,124,63,37,91,47,36,77,75,117,128,75,121,159,112,71,52,34,53,60,70,84,40,138,52,53,81,74,153,47,99,80,58,67,59,37,201,28,140,52,54,109,103,61,124,62,78,76,25,75,74,30,27,109,92,76,48,123,81,65,56,156,172,55,107,64,114,143,54,50,109,57,30,22,32,70,56,36,30,36,70,46,82,38,41,21,37,62,73,45,81,20,129,109,58,27,41,29,27,59,106,38,31,31,23,26,51,98,24,29,21,68,110,32,31,64,19,43,18,55,49,78,56,135,46,60,56,35,81,74,107,61,49,49,105,34,18,92,76,45,46,37,99,57,71,89,105,133,41,39,42,31,22,30,163,75,66,67,54,40,21,41,45,30,96,78,51,59,21,75,33
G[C>T]G,90,230,176,71,81,155,124,118,102,116,156,59,66,116,99,145,200,296,106,196,200,82,189,103,161,276,108,95,363,129,138,208,128,117,73,123,143,231,221,286,164,152,98,95,83,141,69,138,119,100,193,120,172,113,151,180,119,172,120,169,182,115,100,150,79,353,99,173,141,147,179,321,125,124,103,91,125,185,138,111,219,113,217,133,193,105,215,105,157,384,115,91,235,105,186,114,128,169,78,75,91,95,92,155,133,81,82,126,111,104,122,77,109,82,139,107,117,90,94,89,120,135,76,98,75,67,116,151,139,101,102,70,57,108,114,62,157,51,95,335,63,92,84,69,112,40,95,56,104,72,162,92,72,110,96,198,82,139,167,126,90,303,67,44,85,154,142,97,54,196,89,63,128,102,160,68,128,84,60,69,94,172,73,225,135,155,104,89,122,84,89,103,153,119,155,61,108,87
G[C>T]T,74,55,129,10,22,110,35,49,38,93,109,37,31,43,72,72,64,58,35,59,178,93,77,124,153,122,88,72,102,76,45,96,48,36,85,91,128,102,76,150,192,133,82,53,28,46,53,73,88,25,140,55,50,77,72,176,38,98,102,83,61,52,44,187,32,164,39,68,101,126,59,109,45,89,101,44,91,67,53,37,111,106,112,52,114,89,54,52,163,123,48,111,68,119,158,31,48,110,87,29,36,36,72,48,24,22,23,73,36,88,30,53,30,21,58,111,43,69,29,160,95,48,24,36,37,32,29,137,36,33,34,26,36,44,165,30,46,27,51,97,32,33,56,22,45,14,39,30,91,70,148,59,52,42,20,78,107,128,75,72,53,111,34,19,94,68,43,52,59,113,69,75,113,104,158,41,41,33,29,21,25,226,64,82,71,61,45,34,35,38,39,108,97,51,38,21,78,29
T[C>T]A,139,178,198,28,63,520,136,224,97,106,249,44,745,102,95,303,262,115,64,622,307,111,156,265,475,1753,726,266,155,82,48,153,91,80,162,452,305,257,104,5030,300,270,365,79,63,129,225,187,230,31,347,91,1254,210,2341,448,91,3157,7107,214,433,80,84,580,241,323,286,738,394,253,1642,1913,164,224,522,110,159,93,129,109,860,203,560,2552,222,220,119,108,242,1708,130,1810,222,183,210,62,84,291,147,44,81,172,172,203,83,185,43,99,154,211,38,2780,96,82,137,191,83,635,43,3737,349,94,41,278,84,43,85,156,66,177,484,33,47,109,17364,374,104,637,93,191,47,134,1617,36,44,21,2104,121,152,213,330,207,655,110,79,447,337,208,436,257,1486,511,111,160,399,123,112,306,1455,201,129,291,439,11943,17984,321,74,54,31,134,53,2266,539,688,125,214,222,143,76,50,287,320,244,197,81,412,132,62
T[C>T]C,126,97,155,24,40,341,98,95,79,98,147,59,180,66,70,166,153,78,69,234,252,85,115,135,262,477,223,124,165,88,36,111,61,70,122,184,196,199,77,1004,243,165,202,65,42,98,83,130,151,42,269,77,235,183,579,207,71,626,1282,130,197,66,76,355,124,243,131,232,236,154,359,544,119,152,210,97,103,80,81,77,249,147,228,512,148,151,69,66,171,521,76,531,121,141,118,52,68,207,89,40,45,84,110,156,57,66,27,93,83,175,29,491,88,52,98,121,73,195,33,748,210,90,35,109,56,54,81,120,62,79,136,37,46,69,2807,76,54,144,86,184,42,54,312,27,44,37,398,57,91,141,223,91,197,103,58,222,146,161,183,110,322,347,80,58,153,106,82,111,372,162,92,203,253,2135,3444,101,59,49,34,48,42,634,182,244,140,117,113,80,61,50,93,210,181,95,82,120,98,49
T[C>T]G,80,128,117,35,68,101,79,103,53,87,113,37,121,61,66,90,180,189,80,160,131,44,109,90,178,306,106,62,202,88,102,139,69,70,74,108,93,136,143,773,127,90,83,53,57,115,50,93,84,41,119,113,275,62,419,120,66,419,803,136,144,67,91,127,68,187,105,170,132,106,307,346,106,73,99,58,97,89,99,76,261,94,177,408,109,84,108,61,102,384,70,174,110,64,123,72,87,140,81,51,74,91,50,79,71,86,54,75,94,62,53,311,74,60,71,86,77,112,60,304,74,91,56,100,50,55,102,102,76,81,98,39,49,76,1164,67,94,103,55,184,39,67,201,36,61,37,193,51,64,72,89,55,69,78,68,144,64,89,170,100,250,242,48,43,69,89,85,76,160,173,88,59,88,887,1828,69,84,57,37,50,66,216,86,219,69,108,116,47,79,57,76,86,112,114,76,104,72,68
T[C>T]T,152,128,244,26,72,382,109,147,116,137,192,37,377,91,98,245,186,90,49,386,317,121,141,207,381,1113,401,177,168,100,53,139,68,78,165,313,230,237,114,2588,365,255,279,65,43,127,143,176,217,42,287,79,644,165,1337,339,60,1590,3226,201,278,63,79,460,181,267,213,535,350,182,848,1107,146,182,346,91,128,80,90,102,559,156,388,1275,199,173,99,89,250,939,107,1035,177,229,210,56,89,257,119,30,57,141,164,175,57,142,33,95,109,179,46,1321,88,46,131,197,81,337,47,1727,258,95,39,214,50,52,96,182,69,143,238,49,50,65,7993,190,76,343,107,157,51,78,680,39,42,34,997,106,132,157,313,157,407,111,74,338,261,213,308,179,789,443,73,103,280,94,79,181,768,168,113,245,392,6084,9038,220,64,55,34,96,46,1297,264,485,131,139,195,105,80,54,202,298,219,148,91,302,124,62
A[T>A]A,43,66,115,17,16,86,44,26,13,57,60,16,21,28,56,69,33,32,18,23,163,80,60,76,98,120,58,48,69,47,27,77,22,27,55,68,74,79,39,44,183,87,40,24,17,35,34,35,94,19,104,33,34,49,39,108,12,82,43,48,32,22,28,123,16,68,30,27,80,73,44,81,20,71,67,18,70,20,29,26,53,56,70,25,85,71,45,36,117,113,35,56,30,83,98,18,15,44,61,15,13,22,57,17,20,20,8,53,37,79,25,29,30,23,54,75,21,32,20,92,102,35,15,25,13,30,22,66,13,20,23,9,18,22,54,12,23,13,47,61,31,22,45,9,12,10,10,18,79,46,150,38,31,32,14,25,97,90,68,33,10,77,22,20,77,44,22,31,25,48,34,43,71,20,33,27,16,24,15,13,13,211,70,34,55,20,26,18,28,21,25,100,81,35,26,12,55,9
A[T>A]C,25,19,75,20,24,46,31,21,27,48,64,16,16,20,41,61,24,30,24,21,118,68,38,66,66,97,62,30,43,41,11,43,22,22,43,39,60,38,26,44,134,68,38,23,9,22,27,31,74,23,107,16,31,39,40,93,24,68,25,27,28,34,21,101,12,49,42,23,59,78,27,58,25,61,45,15,56,17,17,26,49,62,46,17,63,42,22,26,112,65,25,44,39,64,69,25,22,43,48,27,21,18,48,15,25,17,15,48,35,68,21,15,28,17,37,65,27,57,8,91,58,29,15,24,15,15,27,79,9,25,12,20,19,40,24,8,28,9,42,34,13,11,38,16,15,20,19,20,55,36,89,25,35,32,9,30,63,71,41,20,24,57,20,23,45,28,23,25,20,32,27,28,60,20,32,17,17,16,16,13,22,141,50,44,37,30,36,11,34,37,15,73,36,30,28,17,47,19
A[T>A]G,37,30,99,10,17,76,22,29,16,64,60,12,13,21,53,62,38,31,18,36,187,85,43,66,99,74,65,42,45,47,9,65,21,14,84,59,95,75,39,31,197,99,40,23,23,22,48,30,77,16,108,23,22,47,35,117,28,71,34,34,29,19,23,95,22,54,28,21,70,80,29,69,26,61,54,19,60,19,24,21,55,81,52,14,69,53,25,30,134,73,30,74,31,86,100,22,21,30,52,25,11,15,35,19,17,21,13,48,19,81,25,20,19,19,48,78,32,44,21,75,76,26,8,15,18,25,15,105,15,17,32,13,23,23,39,6,18,18,36,31,10,18,36,13,20,13,21,16,74,35,147,41,38,30,12,28,68,100,39,29,16,69,15,12,79,27,17,37,44,40,29,54,88,20,22,19,19,14,6,9,8,167,60,54,39,18,28,9,31,36,26,92,56,30,16,20,51,8
A[T>A]T,63,61,168,21,32,120,49,38,18,117,72,29,23,43,71,130,64,47,22,62,231,97,87,121,167,230,104,41,100,70,43,84,60,56,82,84,128,108,67,88,301,140,98,38,19,60,53,51,127,20,179,46,45,77,60,125,54,130,50,45,38,43,41,170,34,102,41,48,96,109,52,113,50,99,69,36,86,59,37,34,118,89,67,50,129,83,42,45,198,179,44,83,43,126,149,23,52,91,76,22,22,36,55,31,34,22,15,71,38,93,16,37,38,30,58,107,28,84,19,152,121,39,25,44,12,27,23,141,38,22,28,18,21,29,49,10,44,16,85,104,17,26,81,19,29,7,21,20,100,45,192,57,34,47,17,54,106,136,89,35,24,174,39,18,108,85,46,48,49,70,75,66,120,40,27,26,26,29,18,13,26,218,85,66,88,41,44,30,40,38,32,116,130,47,25,20,108,29
C[T>A]A,31,32,85,4,9,61,15,16,3,63,47,6,7,20,43,37,16,12,10,18,165,50,34,84,78,63,43,35,28,42,8,48,17,11,62,50,68,47,20,14,200,70,50,5,6,16,36,12,92,6,96,16,16,30,28,101,10,43,20,26,10,4,20,112,8,30,20,7,73,65,14,48,13,56,57,7,64,10,12,13,33,46,24,13,60,47,22,33,101,56,14,55,17,71,95,4,11,23,43,5,6,8,41,11,3,7,9,30,9,38,7,13,3,3,37,62,8,28,10,78,64,14,6,9,10,8,9,71,8,4,14,7,8,9,26,4,11,6,41,18,10,5,26,6,11,2,4,9,77,35,96,43,28,10,3,18,82,90,29,26,9,48,21,9,74,18,14,23,23,26,16,30,85,9,20,6,9,5,2,9,2,135,54,16,21,3,22,9,9,8,5,68,46,11,10,14,59,9
C[T>A]C,32,17,65,2,16,71,19,22,7,101,58,8,13,18,81,88,26,17,11,28,186,98,25,89,73,299,62,54,42,62,10,63,21,11,78,88,95,43,29,23,251,89,66,15,8,26,40,15,98,11,128,9,13,52,32,135,23,68,17,29,18,23,23,148,12,42,23,22,100,102,15,54,17,96,69,16,73,7,13,21,40,82,58,15,106,51,22,44,157,52,23,95,29,104,155,12,10,13,53,9,7,5,43,11,14,11,2,60,14,63,6,12,16,9,43,89,9,42,12,146,72,16,10,16,10,12,11,129,11,12,14,8,10,13,18,5,16,9,59,29,9,7,38,8,6,5,10,4,93,56,126,47,44,29,8,22,84,103,25,37,21,45,15,10,77,34,20,31,49,29,31,54,105,14,15,17,10,6,6,7,2,221,60,26,35,7,19,6,19,13,10,90,50,27,9,7,92,11
C[T>A]G,55,24,105,9,14,108,34,22,9,68,44,11,8,26,66,65,25,23,18,24,234,114,30,108,103,139,53,62,43,55,11,77,21,25,75,89,119,45,27,26,241,100,73,14,11,17,45,12,97,6,121,28,14,51,29,148,17,64,28,41,18,7,24,128,10,44,17,19,86,111,14,52,21,76,74,9,66,19,15,29,37,69,49,13,91,68,19,47,150,57,20,92,18,117,141,13,8,34,62,8,4,8,52,12,9,8,4,47,15,79,13,17,12,13,43,72,21,40,9,90,83,15,8,9,5,9,12,108,9,9,11,4,7,16,19,6,27,8,64,27,17,6,47,0,11,10,13,3,95,56,103,65,44,19,10,27,96,86,42,19,10,43,18,11,99,18,12,17,40,45,32,45,108,13,12,11,13,10,4,10,9,176,83,20,40,8,17,8,18,12,12,78,35,18,13,12,86,11
C[T>A]T,63,39,182,6,9,117,24,23,17,90,88,15,9,38,118,163,18,20,14,36,265,148,41,145,137,532,85,57,59,96,14,79,20,20,85,121,157,68,28,33,421,129,103,3,8,33,73,20,154,6,155,30,13,60,29,188,23,119,33,43,14,15,36,219,13,57,19,22,128,144,14,62,14,97,104,18,127,20,19,20,46,107,76,25,127,89,18,54,246,53,29,115,31,183,176,10,20,30,112,15,4,10,58,12,7,11,6,62,15,87,9,6,14,10,58,119,15,56,6,177,96,18,11,20,8,11,16,183,7,13,15,8,10,23,27,4,20,13,74,34,10,5,49,4,5,9,12,7,139,62,147,61,49,27,14,39,104,163,33,29,10,78,16,10,112,24,16,48,47,54,29,61,166,14,14,15,8,9,9,5,5,294,72,36,41,8,23,5,21,14,12,108,78,18,14,3,124,19
G[T>A]A,22,17,42,5,4,47,10,9,7,40,42,3,4,9,39,32,11,11,7,13,93,47,16,46,76,32,51,30,21,40,6,35,15,9,42,36,59,34,20,13,129,44,35,13,5,9,25,14,40,6,61,10,5,26,21,49,13,34,21,14,14,6,24,81,10,30,8,9,41,44,13,34,9,43,30,2,41,11,10,14,26,54,26,14,35,29,4,25,60,36,20,48,12,72,59,4,14,24,49,10,11,5,23,6,7,9,5,25,13,41,7,9,3,4,19,56,11,27,2,56,51,17,9,14,8,9,5,68,8,5,9,5,8,5,21,2,11,9,23,28,12,3,21,3,1,5,9,1,47,23,64,21,24,5,5,13,51,57,15,14,5,30,10,8,44,8,9,13,19,15,20,24,63,3,4,10,9,6,2,3,5,102,30,10,25,1,13,4,11,10,9,51,35,8,8,7,40,7
G[T>A]C,20,14,39,3,8,38,14,12,10,38,33,6,4,11,36,28,12,9,16,16,74,50,15,41,44,77,30,23,29,26,3,40,15,8,30,43,46,28,15,20,107,40,22,12,13,9,16,11,37,11,55,9,5,35,15,48,9,49,13,17,20,7,20,85,5,17,10,14,37,32,10,38,13,40,36,14,26,10,13,12,17,48,20,13,36,35,13,18,81,24,17,39,11,60,52,10,13,14,30,12,4,5,29,8,9,5,3,28,10,29,6,6,7,7,24,52,14,23,3,61,50,10,3,12,15,8,15,51,11,11,7,8,7,12,14,8,14,5,13,14,3,8,26,4,8,8,4,8,38,28,64,21,20,12,6,11,50,62,20,13,8,33,7,7,48,12,8,17,18,18,15,23,44,9,4,10,8,12,3,4,9,84,47,20,25,11,4,6,5,11,10,38,32,12,13,9,45,4
G[T>A]G,23,16,33,5,14,48,18,15,5,39,44,10,9,13,40,41,29,16,11,27,104,82,33,50,91,50,32,44,19,33,6,39,14,7,53,42,65,53,20,25,135,51,40,12,8,22,28,7,50,6,72,10,12,40,20,83,19,31,21,22,8,14,15,92,7,41,13,11,58,59,9,35,14,47,56,8,46,18,13,17,31,68,43,9,58,36,16,29,108,40,22,42,11,86,77,13,13,23,35,8,6,14,25,7,7,4,3,27,8,42,8,8,4,7,29,56,8,32,6,58,60,13,5,9,7,12,5,70,14,12,15,10,6,11,20,5,20,5,32,21,13,5,18,11,8,4,9,7,49,32,78,30,22,10,9,7,54,54,24,15,12,42,8,6,58,29,11,29,25,22,24,33,55,4,8,11,12,8,6,7,4,108,40,17,21,13,25,6,12,13,8,68,34,13,9,5,53,11
G[T>A]T,41,16,99,2,9,102,18,17,10,71,58,10,12,31,70,90,26,12,7,29,176,87,24,80,76,153,59,50,29,48,7,57,18,13,49,70,110,49,17,26,243,108,58,9,11,10,37,12,85,7,110,18,11,41,29,125,20,50,16,29,13,16,31,135,7,45,14,14,83,103,18,52,29,70,59,11,71,14,13,13,45,59,39,16,89,67,18,48,144,50,18,72,23,100,114,13,10,27,51,9,9,8,43,5,10,4,2,38,13,59,9,11,8,7,35,70,20,46,3,104,77,17,5,15,5,14,8,94,6,14,14,4,8,11,24,9,20,5,37,29,5,10,23,9,17,10,5,8,77,38,91,49,32,14,3,25,83,104,19,23,10,48,13,5,64,26,18,30,28,31,34,39,104,10,12,15,11,8,5,6,5,175,59,21,19,14,16,5,9,10,6,92,49,20,7,15,92,11
T[T>A]A,31,63,124,16,29,122,51,60,18,76,113,23,17,34,62,67,66,77,23,75,196,88,81,106,151,162,70,33,87,70,28,106,53,27,63,62,97,110,109,83,206,108,68,30,12,66,48,87,74,18,140,28,71,65,45,127,49,117,44,59,41,31,22,152,32,141,49,43,90,80,45,89,41,56,96,34,75,73,38,38,101,70,78,26,125,58,43,29,158,184,47,79,43,96,125,17,52,70,68,11,14,28,56,18,25,8,18,46,27,71,16,25,31,25,50,87,27,49,21,96,96,48,11,31,11,15,18,105,19,21,29,19,21,32,30,15,25,6,59,90,19,22,61,11,23,9,22,12,88,61,118,30,37,45,16,82,103,115,83,34,20,134,29,21,77,90,49,50,43,71,55,55,94,29,30,31,22,35,18,14,19,197,68,112,52,30,59,21,26,25,27,98,121,51,32,24,55,21
T[T>A]C,30,21,95,3,10,59,25,21,12,44,52,11,11,19,27,70,15,14,10,24,118,68,31,77,76,166,48,40,37,46,12,68,17,15,57,49,76,40,32,18,149,69,43,10,3,20,24,9,57,9,91,17,12,39,25,82,13,109,22,27,17,8,27,115,7,40,18,12,74,70,15,60,15,58,52,12,44,10,12,15,23,61,35,14,87,48,9,34,95,58,19,50,16,76,68,10,8,15,33,8,5,12,37,8,6,3,7,43,15,38,4,13,16,10,29,63,16,41,5,82,62,12,6,10,11,7,18,93,7,8,9,10,5,9,14,5,22,6,42,27,13,6,26,6,9,10,11,8,56,28,93,37,29,18,4,19,63,71,23,4,17,55,7,9,49,29,17,23,21,35,21,32,64,4,6,12,8,13,9,3,13,130,49,22,33,14,16,7,20,23,13,54,39,28,12,6,54,9
T[T>A]G,19,15,57,2,5,43,9,9,7,39,41,4,2,8,35,37,29,9,6,15,121,48,16,46,56,70,34,31,29,38,3,41,12,9,34,44,60,29,17,17,107,50,33,9,5,22,17,9,51,7,49,12,9,35,20,57,16,69,9,19,8,16,14,80,10,30,16,12,55,43,10,41,14,50,54,11,29,10,12,10,30,27,34,15,53,36,3,20,82,63,14,61,12,50,69,6,6,20,26,5,5,8,27,7,6,6,4,22,14,38,8,12,9,4,14,50,8,22,3,48,42,20,3,13,4,8,2,71,4,6,7,2,11,6,24,5,5,7,32,16,10,6,23,2,7,3,10,5,36,27,56,29,17,14,6,12,46,62,24,17,8,42,5,6,47,10,11,27,18,33,21,40,56,6,13,7,8,6,3,3,7,100,37,19,24,10,18,6,13,6,6,42,40,21,11,5,33,12
T[T>A]T,76,38,240,9,13,146,41,41,13,116,122,16,22,38,120,145,42,48,22,40,338,151,80,193,165,366,94,89,75,127,14,120,50,15,112,109,136,109,47,58,424,142,102,24,22,36,66,39,140,19,152,48,28,71,40,211,43,214,42,56,34,32,55,213,24,115,33,29,131,164,43,121,37,121,89,34,112,35,32,43,74,145,94,33,186,103,31,62,257,147,39,119,42,166,187,14,37,69,114,15,12,18,70,18,15,21,13,86,22,101,19,25,31,19,70,131,22,95,9,198,114,38,15,29,16,21,23,219,25,22,24,7,13,20,31,10,41,15,88,76,20,18,67,9,14,10,22,13,148,62,181,64,52,37,14,35,126,142,62,35,11,126,32,13,113,71,33,70,54,77,50,78,187,20,24,22,21,13,15,11,14,290,100,41,59,26,37,20,26,17,18,140,100,41,20,14,137,32
A[T>C]A,90,101,150,29,49,189,79,57,52,157,178,61,30,84,112,140,109,102,51,97,254,128,154,150,286,207,82,82,133,144,58,143,82,95,127,155,189,171,97,98,283,203,117,52,48,104,88,90,145,44,178,91,66,117,81,260,62,214,87,140,83,64,58,259,45,183,82,88,164,165,65,171,76,122,196,38,185,75,72,79,111,180,174,76,177,129,52,77,281,198,90,123,78,181,233,57,57,99,114,43,36,40,103,47,33,34,36,106,82,157,41,57,42,53,77,110,64,87,41,152,161,70,35,42,42,49,55,162,40,55,66,34,52,72,83,23,78,47,81,155,54,39,83,22,33,28,62,51,157,79,237,73,74,76,22,87,163,176,117,160,37,211,62,40,201,104,47,67,60,120,105,102,171,53,57,38,52,61,28,28,42,271,140,103,113,83,103,23,92,62,59,163,193,89,53,57,183,41
A[T>C]C,42,29,68,10,23,87,36,19,18,85,62,12,12,22,55,62,38,36,14,56,137,68,42,75,105,126,56,50,65,53,30,74,35,21,57,85,113,68,31,35,163,76,53,18,14,36,52,32,69,17,91,25,28,44,41,118,20,105,35,34,30,21,24,162,25,73,33,19,90,97,32,66,31,74,66,18,127,33,24,32,39,75,70,19,66,50,23,39,126,69,29,69,23,99,102,10,21,40,34,14,12,11,44,19,13,11,15,50,32,45,12,9,22,14,19,53,25,40,16,85,70,26,15,15,13,25,13,117,17,18,17,13,20,14,22,9,20,12,32,39,13,13,26,4,12,11,11,12,72,42,71,37,32,25,9,26,69,86,30,41,19,83,24,16,67,52,22,35,22,33,39,38,98,17,13,15,15,23,15,5,11,117,62,43,41,27,25,14,30,24,12,87,82,25,18,16,69,12
A[T>C]G,58,47,85,10,24,108,55,31,26,131,81,48,17,32,56,81,67,67,42,83,182,81,79,84,159,165,65,78,102,80,26,94,50,38,74,82,156,111,53,59,163,114,75,42,28,74,46,55,93,29,109,48,41,94,53,175,40,135,57,98,45,29,33,214,24,107,38,41,108,114,44,107,35,104,98,24,113,57,52,40,50,113,110,40,118,91,35,45,202,71,52,99,51,126,114,20,41,60,68,22,19,33,65,34,27,20,22,71,40,83,36,22,29,35,37,72,46,73,23,98,95,34,24,34,30,32,20,123,14,27,22,23,35,33,31,18,32,24,60,63,23,26,36,26,26,21,34,26,72,64,140,51,52,42,15,50,96,120,51,43,32,121,24,26,113,51,38,47,43,74,66,58,111,29,23,33,30,37,20,17,24,156,86,54,51,39,61,9,51,30,31,93,123,47,29,29,86,26
A[T>C]T,99,95,118,19,46,200,95,58,40,167,183,53,27,66,115,139,100,81,57,99,280,154,110,155,299,240,112,104,175,141,57,156,70,76,109,144,230,158,95,77,263,169,159,53,46,67,83,74,145,43,160,76,67,113,75,245,57,216,75,129,63,47,67,273,25,199,63,61,178,165,56,192,67,160,166,44,185,70,83,72,92,164,172,71,185,122,32,74,254,150,75,150,76,189,230,37,59,106,109,40,24,46,99,53,30,36,29,130,68,132,33,43,48,40,56,120,73,87,38,151,145,63,42,49,43,39,53,200,34,47,54,37,55,78,66,23,59,37,86,119,50,33,73,18,33,31,49,51,130,105,221,79,85,66,30,75,139,204,73,76,36,176,38,41,184,92,58,89,74,90,84,75,178,45,46,49,43,55,36,26,33,282,131,90,92,79,80,26,63,54,57,167,195,83,70,46,169,54
C[T>C]A,39,50,57,7,15,69,44,14,20,73,73,15,12,30,40,72,41,45,16,46,133,60,60,71,97,212,58,45,66,65,24,70,29,19,76,87,94,55,30,31,126,70,74,17,11,40,37,25,59,10,107,41,24,57,36,93,32,84,23,47,26,15,27,128,14,78,18,32,92,88,21,64,27,67,83,22,93,42,32,29,56,63,60,36,53,50,13,14,97,85,25,81,36,89,125,10,30,45,61,8,9,10,51,14,11,14,10,46,29,63,13,19,16,15,26,68,26,33,10,62,79,15,10,16,11,9,18,124,11,16,13,13,16,20,25,9,10,10,39,59,20,5,24,11,11,6,12,15,68,41,119,53,40,16,9,35,81,77,39,74,15,90,21,12,91,34,31,27,23,42,44,46,76,16,13,14,10,16,10,5,16,108,61,27,43,20,28,5,30,19,18,74,87,29,21,10,80,18
C[T>C]C,55,27,92,11,15,139,28,20,13,109,76,9,3,19,80,137,20,27,17,52,232,122,38,107,105,614,51,72,70,71,13,98,20,29,97,122,170,80,37,37,250,90,86,26,10,47,55,16,87,17,133,20,25,72,35,147,26,88,24,57,30,24,32,191,10,85,24,28,119,130,25,68,28,81,102,22,113,21,27,33,42,101,72,19,101,68,29,47,182,65,21,127,23,146,158,13,26,48,71,13,14,28,67,20,10,7,9,51,23,82,23,17,11,19,23,82,33,52,13,95,77,24,7,23,15,19,16,133,14,15,22,16,15,18,21,8,20,12,48,42,16,11,26,9,5,9,15,12,135,53,132,65,41,19,26,31,88,122,47,57,20,91,15,3,113,34,23,36,53,48,44,48,166,10,9,19,21,7,13,10,15,197,65,30,47,35,23,8,23,16,18,108,95,18,18,11,111,26
C[T>C]G,43,37,42,10,14,59,28,25,15,88,79,20,20,26,45,101,36,53,25,45,125,57,43,60,95,523,49,66,62,51,13,54,23,19,80,71,107,54,28,41,110,65,58,29,19,36,39,40,56,16,97,28,29,53,43,108,26,66,27,66,27,20,32,169,18,90,30,24,97,70,20,40,27,62,75,21,94,33,27,32,52,57,64,19,75,55,17,30,114,83,36,69,32,67,162,11,17,48,40,9,7,12,45,20,18,15,7,36,28,62,11,18,18,20,19,46,25,34,14,43,61,17,12,20,14,18,12,91,12,15,16,16,18,21,16,10,16,15,36,38,24,16,17,9,17,19,18,13,69,58,122,47,39,18,10,21,71,76,31,37,18,89,26,15,89,38,27,51,34,33,35,42,64,10,14,7,25,13,9,7,14,94,63,33,34,29,23,9,21,17,15,84,89,26,20,16,56,22
C[T>C]T,59,42,68,5,13,105,56,37,22,113,100,10,13,34,65,368,27,35,20,41,164,124,53,96,153,1246,71,65,84,169,23,75,33,31,93,103,134,81,48,47,161,105,72,20,19,48,44,40,77,19,129,31,21,80,76,160,28,210,44,69,38,24,88,242,16,101,29,29,129,111,28,83,36,66,113,18,115,35,46,41,48,80,105,28,101,81,25,43,155,107,42,101,33,118,118,17,19,40,67,19,11,16,70,18,18,16,12,58,28,80,12,16,20,22,23,92,16,42,19,110,70,27,10,21,12,21,22,124,12,16,22,8,20,26,32,6,34,16,46,58,24,14,39,8,10,7,18,12,121,88,149,48,47,19,11,52,94,154,33,55,17,94,14,17,115,39,26,44,38,64,45,60,126,30,26,27,13,13,10,13,15,171,89,37,42,32,22,13,20,25,25,137,134,33,32,14,91,23
G[T>C]A,40,63,79,11,32,101,50,22,12,81,108,31,13,29,45,68,49,35,28,72,141,68,73,65,145,130,54,40,78,63,44,81,30,55,54,67,99,83,38,47,126,96,48,34,16,47,49,35,56,19,100,59,33,58,39,138,26,90,49,61,41,19,16,133,12,81,41,27,79,79,40,75,28,55,78,20,102,49,28,33,61,89,68,45,67,54,38,33,129,101,32,68,32,85,93,17,34,43,42,8,13,20,66,15,28,20,16,45,31,67,20,27,19,14,34,53,27,41,17,66,79,26,12,26,11,24,26,100,21,23,25,18,22,32,38,16,33,18,46,86,29,12,52,10,9,18,28,30,68,41,82,49,40,40,24,29,84,95,60,56,25,92,30,17,97,56,37,38,25,80,44,33,72,26,23,22,17,23,9,12,7,106,64,53,65,41,40,13,28,27,17,65,121,33,44,23,84,21
G[T>C]C,29,27,35,12,11,62,37,18,14,47,60,15,12,17,35,53,40,42,19,41,118,73,41,62,64,168,31,36,58,52,32,42,25,28,35,46,69,49,31,40,111,56,46,10,9,19,51,27,36,14,77,24,26,33,28,81,22,64,22,51,31,18,21,103,15,56,16,22,57,56,25,43,18,36,49,18,65,22,31,20,35,58,42,30,60,37,46,33,83,50,18,52,22,60,98,8,21,26,24,5,11,16,38,19,13,12,9,34,23,42,6,15,18,7,20,46,19,33,11,48,44,18,6,5,15,14,14,86,15,16,13,10,17,19,30,12,13,10,28,54,9,18,27,6,10,8,18,16,43,38,54,34,30,16,12,21,45,66,40,31,14,55,24,14,50,30,20,18,24,56,19,30,69,15,14,11,21,12,7,14,13,85,30,23,34,36,23,5,17,11,14,41,65,17,17,13,49,13
G[T>C]G,26,41,32,11,9,58,39,17,15,64,56,13,10,23,49,65,41,32,11,46,96,72,43,47,84,145,27,19,49,47,19,52,22,31,38,61,81,40,27,32,91,65,44,19,16,37,49,30,36,16,82,21,28,51,26,102,20,66,25,54,27,24,21,102,11,80,27,25,68,59,29,43,25,45,57,16,59,41,25,19,31,49,54,28,80,27,24,30,93,64,17,48,35,62,101,15,19,43,23,11,9,16,37,9,11,10,10,26,18,49,13,19,13,10,17,45,20,32,9,54,57,24,8,20,6,10,16,57,14,14,20,13,22,29,18,8,18,9,37,37,10,11,24,8,15,7,12,9,58,35,62,26,30,25,6,21,54,58,28,27,11,61,13,10,50,33,14,35,20,39,41,22,69,22,18,14,21,12,4,12,9,93,42,30,32,24,29,7,23,15,8,52,91,31,23,7,60,21
G[T>C]T,57,49,70,14,36,103,55,28,20,73,71,28,15,43,65,93,54,45,31,66,169,80,93,71,166,197,50,39,95,73,40,85,38,54,51,86,128,82,33,53,155,89,77,31,19,53,52,44,75,20,121,33,39,65,42,138,27,97,36,80,44,31,35,160,21,123,35,38,90,97,51,96,33,68,77,29,88,46,38,34,47,110,119,48,95,56,27,28,151,99,40,87,47,121,127,19,27,39,48,18,15,30,52,31,18,17,13,49,42,62,18,29,25,30,47,74,39,45,12,66,91,33,23,33,16,28,31,111,15,28,27,16,26,31,46,17,22,29,47,75,26,24,33,12,14,13,21,25,61,46,117,44,38,48,12,45,78,106,70,60,26,107,42,17,100,64,30,51,33,70,34,36,72,31,27,15,32,24,22,17,11,143,59,38,81,49,35,23,46,28,23,86,107,41,36,26,86,27
T[T>C]A,56,83,106,7,23,93,41,28,23,76,86,24,14,36,39,60,55,52,23,61,161,76,54,91,155,163,65,69,87,115,33,87,50,41,90,98,100,101,49,53,161,85,62,25,21,51,55,34,100,22,135,40,44,67,47,161,36,340,51,89,42,25,26,193,25,127,59,44,82,95,40,80,37,78,120,23,124,46,35,44,59,89,74,40,75,59,28,29,141,118,48,97,36,119,141,17,28,71,66,23,25,24,57,26,16,16,13,56,46,86,20,33,28,22,37,80,29,46,14,82,91,35,22,31,20,15,30,109,27,30,30,16,29,37,41,11,27,8,50,103,20,18,52,11,16,21,23,19,116,44,145,48,49,43,15,55,67,114,82,58,19,100,28,12,121,60,25,74,31,73,58,45,79,24,31,27,28,34,15,10,25,149,74,51,78,37,65,16,51,44,29,94,93,43,33,24,95,26
T[T>C]C,47,52,73,14,16,91,50,24,9,73,89,24,12,25,44,82,53,41,20,61,163,107,45,107,123,304,38,54,74,84,35,79,42,38,65,93,125,55,57,61,202,70,55,22,10,38,55,39,69,20,88,27,40,40,38,103,31,214,36,51,26,21,25,157,17,91,32,38,97,79,39,72,31,62,89,26,115,45,44,25,53,76,60,33,77,49,28,31,127,118,30,98,34,89,125,11,50,40,56,16,13,19,40,21,19,11,13,46,27,57,15,26,14,15,20,62,26,45,13,88,58,29,12,21,10,12,28,129,20,22,31,8,26,19,32,6,21,10,35,66,23,15,37,9,5,11,25,11,117,55,97,54,43,30,14,31,66,63,79,49,28,101,16,13,82,58,19,47,30,52,38,32,107,19,20,16,19,20,9,13,13,151,54,46,58,33,35,16,37,18,24,92,97,28,27,14,59,23
T[T>C]G,25,29,57,4,13,61,18,21,13,54,62,15,10,19,19,34,26,28,10,34,80,43,32,42,69,184,32,45,46,39,11,51,32,14,30,40,59,47,27,24,74,42,46,18,11,23,19,15,39,8,42,18,12,42,24,72,11,213,21,46,15,21,25,97,14,82,26,21,50,56,25,46,26,36,28,23,60,20,23,15,38,35,44,16,44,41,29,13,75,50,22,62,15,56,43,9,15,46,28,8,21,12,28,12,15,7,6,23,28,44,16,19,21,14,20,27,16,29,9,35,36,11,5,20,18,16,15,62,20,18,13,14,20,17,17,10,10,15,21,39,11,12,23,9,12,9,18,16,50,25,56,26,22,14,8,34,43,59,26,19,13,50,15,10,52,48,25,53,25,32,19,26,63,14,12,20,17,14,10,3,7,71,40,24,38,19,22,9,37,17,14,55,76,19,14,16,41,17
T[T>C]T,54,75,92,17,39,133,55,46,27,99,123,36,18,47,76,112,66,53,19,67,215,115,85,110,169,374,81,57,93,112,58,105,45,44,75,104,155,97,66,57,215,102,88,30,14,53,53,49,84,32,142,40,40,75,47,146,37,359,81,99,62,24,51,198,27,141,51,37,128,81,46,103,54,82,122,25,122,49,47,39,70,99,115,53,117,99,44,39,176,138,57,125,51,133,125,19,39,96,77,27,21,37,59,30,24,23,17,67,43,81,16,30,37,38,42,65,42,58,21,93,88,43,25,51,15,50,35,127,23,22,44,28,23,36,48,22,39,13,63,104,33,21,57,15,23,17,23,27,118,59,129,66,54,57,17,70,78,133,79,77,28,121,43,13,103,79,44,77,53,90,59,61,117,37,30,30,35,30,24,13,21,184,80,51,94,49,68,15,50,27,34,86,147,63,32,24,101,39
A[T>G]A,29,25,49,2,13,61,29,18,13,49,61,7,9,11,34,42,23,18,9,21,87,37,47,51,64,68,24,20,30,46,18,33,13,8,48,54,63,30,18,27,89,57,33,11,7,21,22,27,40,17,58,26,15,28,16,75,6,81,16,35,12,13,11,91,9,32,17,16,46,57,18,33,19,38,51,12,56,15,19,17,20,49,34,24,30,25,19,15,92,77,20,41,24,58,61,4,11,29,35,4,5,14,28,7,5,6,5,32,15,36,4,8,10,12,14,30,21,19,5,51,37,17,5,11,6,11,10,56,6,12,9,5,10,15,32,6,10,7,25,44,9,8,12,4,9,6,11,8,49,29,59,24,16,17,6,27,31,50,66,31,6,49,6,10,51,15,10,35,19,31,40,25,56,9,10,15,6,10,5,3,5,115,31,16,28,8,16,16,18,13,14,45,58,19,10,9,54,12
A[T>G]C,12,12,15,4,5,26,11,4,7,35,16,5,4,12,18,27,15,8,6,7,30,7,16,23,19,117,15,8,11,16,7,23,9,12,18,22,23,32,6,11,37,21,17,4,6,10,13,19,13,7,39,12,10,14,10,37,4,40,11,9,8,4,5,39,3,18,16,14,21,22,10,17,6,16,18,7,29,9,5,5,11,24,12,5,19,12,8,10,33,21,6,11,6,24,41,5,4,13,10,3,4,8,11,10,5,1,3,11,8,16,4,5,6,6,6,17,7,9,9,23,23,12,3,9,6,2,6,34,3,5,5,3,5,8,11,7,8,1,4,22,7,7,9,3,10,3,5,5,26,15,29,7,4,7,2,10,21,19,22,23,6,20,5,3,22,14,4,10,7,10,11,9,19,4,7,5,2,6,6,1,6,42,14,7,16,6,4,9,12,7,7,29,17,12,8,4,29,0
A[T>G]G,43,16,40,6,6,74,17,19,6,44,49,2,2,10,50,35,13,14,3,13,118,53,21,78,64,83,45,34,37,31,8,52,16,14,65,66,64,42,18,18,131,48,43,3,3,14,29,18,48,6,72,13,8,29,20,103,14,41,19,24,15,6,18,147,6,38,13,10,74,67,9,24,10,64,74,14,72,10,13,14,27,55,46,16,44,49,16,36,106,29,9,64,23,88,100,7,8,15,59,7,1,11,41,10,4,2,4,40,9,35,5,10,3,11,18,52,13,27,9,74,38,7,5,12,7,6,7,105,4,10,8,5,9,5,11,5,20,7,24,24,11,5,19,0,9,6,9,6,55,35,74,37,30,10,6,12,48,70,14,25,4,46,8,9,59,17,9,19,30,23,24,28,74,7,9,8,8,3,2,4,4,82,40,6,21,8,11,7,5,7,8,62,41,22,10,4,64,10
A[T>G]T,37,24,57,13,13,56,24,15,9,46,47,12,6,19,29,128,23,17,12,32,90,53,40,65,58,897,20,32,34,57,9,50,22,12,52,47,57,56,19,32,88,49,35,15,9,29,24,33,43,11,56,21,17,51,31,74,19,94,27,62,10,15,29,116,15,66,22,12,73,59,13,39,23,35,45,22,58,25,27,17,26,55,55,20,46,40,10,15,80,51,18,45,22,54,65,13,22,26,49,9,5,11,41,7,5,10,5,39,18,44,7,11,10,11,10,34,21,22,16,49,46,11,9,18,9,9,12,48,7,15,9,1,9,12,8,4,14,8,29,31,17,5,19,4,7,2,10,11,73,38,62,37,27,11,10,22,44,47,25,26,2,40,22,10,58,30,15,32,24,48,25,24,46,19,14,12,10,6,3,5,10,76,29,18,32,14,10,4,15,14,19,56,69,11,21,7,39,16
C[T>G]A,18,7,12,5,3,30,10,9,3,29,29,3,4,8,20,17,22,19,4,14,50,27,15,16,55,83,23,18,13,35,1,25,9,10,30,16,43,23,21,18,50,32,18,2,2,16,16,16,26,6,42,13,5,17,9,59,6,30,14,17,7,1,11,59,2,23,14,4,32,29,5,25,5,25,31,6,34,9,10,18,10,27,24,9,24,25,15,11,51,29,10,27,5,30,33,2,5,12,19,4,5,4,17,6,3,2,2,12,6,34,4,7,2,5,3,23,3,11,3,25,27,2,2,3,4,3,5,36,0,4,3,1,7,7,9,2,7,1,20,17,13,1,6,3,4,6,7,0,19,24,24,14,18,5,3,15,31,42,14,11,2,29,12,4,29,8,5,8,7,20,14,22,42,3,7,0,6,4,1,2,6,54,26,9,9,7,9,10,8,5,4,24,26,10,9,3,37,4
C[T>G]C,23,13,21,8,4,42,6,10,3,27,38,9,3,10,27,56,15,8,6,9,58,38,10,26,47,274,37,29,20,30,6,38,17,9,34,35,57,22,10,19,74,29,26,10,5,9,11,15,24,6,58,3,8,15,18,58,10,50,6,20,8,7,25,83,6,23,6,9,43,45,10,31,11,21,41,9,38,18,8,16,13,30,21,15,34,36,11,18,68,32,18,45,11,39,47,2,11,10,29,3,6,6,18,10,6,3,3,24,12,35,6,6,8,5,10,39,14,16,6,40,35,6,7,10,5,4,6,51,4,9,10,3,9,9,8,1,8,6,26,10,9,12,9,4,6,5,7,6,42,27,53,16,16,8,3,8,26,53,17,18,5,26,6,3,44,19,6,12,11,20,12,27,37,5,7,6,5,8,1,4,1,64,33,9,13,9,6,2,5,8,8,47,29,16,6,2,46,7
C[T>G]G,43,11,46,1,6,100,21,25,7,62,49,5,6,15,39,63,16,28,17,31,123,53,21,65,93,177,47,43,46,43,9,67,14,11,54,49,97,44,17,22,104,73,72,7,8,32,24,9,59,5,96,13,9,39,21,124,13,44,22,46,7,11,22,161,7,42,18,17,76,82,14,42,21,51,93,10,62,22,15,25,26,61,47,17,57,57,12,31,118,33,15,49,22,78,112,5,15,21,48,11,6,13,41,4,8,5,3,27,9,48,13,11,9,8,12,55,17,31,11,67,47,8,6,9,7,3,8,69,5,9,10,2,7,10,12,4,13,8,38,23,11,4,15,2,3,4,11,7,88,49,83,30,47,12,6,16,62,74,19,23,12,64,12,11,59,23,12,19,21,32,31,36,74,15,6,4,8,7,7,4,4,91,28,7,26,15,12,7,11,8,11,64,46,14,11,5,66,11
C[T>G]T,20,14,49,8,9,70,14,25,7,64,50,15,7,14,33,633,19,25,10,30,99,109,29,62,104,2889,59,48,47,242,16,58,20,20,40,50,107,46,17,43,153,60,54,9,7,22,20,25,55,11,99,14,20,51,96,135,26,99,30,95,42,9,179,252,9,41,27,13,62,71,23,40,21,47,63,16,84,23,22,20,46,63,69,22,73,28,17,30,131,84,31,88,23,93,66,6,25,35,42,10,12,16,38,15,5,5,10,24,22,50,8,8,11,9,18,57,19,35,13,130,75,21,5,12,6,6,13,82,12,9,12,8,11,10,15,7,18,9,34,40,19,9,23,3,8,7,16,13,82,82,91,32,33,20,12,47,63,154,35,21,8,76,21,18,58,35,13,32,27,34,27,25,73,11,19,20,8,11,5,2,7,171,46,24,33,25,18,9,14,18,18,73,139,30,14,9,44,10
G[T>G]A,7,10,17,0,1,27,7,7,5,26,28,4,1,12,22,19,10,7,2,5,50,20,9,18,53,25,16,17,12,19,3,31,8,5,27,25,34,30,13,3,57,17,21,1,3,10,18,9,26,6,40,12,6,15,10,54,3,31,8,15,6,6,5,62,7,16,3,4,28,34,7,21,9,18,33,7,36,5,12,5,6,18,23,0,16,17,7,13,54,11,7,33,11,44,43,3,5,5,26,5,1,5,15,3,2,0,4,14,3,24,2,6,3,5,4,20,4,7,2,23,26,6,1,2,2,3,9,55,0,4,7,3,1,1,7,1,6,0,13,11,4,3,5,3,2,3,5,2,32,28,33,26,16,8,5,4,21,37,15,15,2,23,6,3,40,12,5,7,4,8,7,19,33,7,8,8,1,2,2,3,3,46,19,8,10,6,7,1,6,2,3,35,21,3,4,3,19,6
G[T>G]C,9,6,12,3,6,19,6,3,4,18,22,4,2,6,18,19,7,7,2,8,39,20,10,19,19,70,26,19,13,11,6,15,4,4,16,21,25,16,6,9,31,22,18,3,4,7,9,4,14,2,27,9,4,19,14,28,5,14,6,14,3,5,10,63,4,23,5,5,21,30,3,8,2,18,17,2,18,7,7,5,2,23,15,7,23,17,6,12,30,19,7,30,2,27,23,1,8,3,18,2,6,2,5,2,2,3,0,11,3,18,2,3,3,5,5,16,9,8,2,22,19,4,2,3,5,4,5,28,1,2,5,1,3,3,4,4,4,9,12,15,4,5,5,2,1,2,8,2,22,10,29,18,13,5,2,7,27,29,11,15,2,17,6,5,19,6,1,12,5,7,10,14,27,8,7,2,8,4,2,2,2,31,14,5,10,3,7,3,9,1,6,28,21,9,5,1,20,5
G[T>G]G,25,15,37,11,4,76,16,12,8,57,45,8,7,10,43,27,19,12,4,16,144,68,22,60,98,68,44,53,32,28,17,60,21,7,64,52,102,52,35,19,114,50,48,5,7,14,28,12,60,3,69,9,10,40,19,99,8,47,14,21,11,8,16,134,3,37,7,8,84,81,6,29,14,77,69,7,69,9,7,24,22,52,41,18,42,46,7,39,102,29,12,71,12,70,97,6,20,21,49,11,8,38,53,15,9,4,11,29,24,40,19,27,10,15,15,59,11,53,30,83,74,24,15,15,13,27,10,69,6,7,8,13,19,8,9,4,10,16,25,26,9,8,15,12,10,7,5,7,114,46,70,34,27,13,5,8,53,81,8,31,6,31,11,9,86,16,18,24,32,21,28,38,86,9,33,53,33,9,5,15,8,101,49,12,59,25,16,9,13,14,17,86,81,22,6,10,70,8
G[T>G]T,27,6,24,6,5,63,20,11,5,41,46,8,9,20,28,185,14,19,7,22,88,51,18,62,64,743,43,46,40,81,5,38,20,20,36,42,79,45,11,15,111,44,39,7,5,8,22,15,38,6,48,13,17,32,36,91,12,52,17,53,21,12,48,125,3,40,18,13,48,58,14,28,12,39,56,10,65,19,12,26,28,37,46,10,55,35,14,24,87,43,12,43,5,67,78,3,14,11,35,10,4,17,39,10,9,3,4,26,13,35,6,6,5,7,14,51,7,13,4,60,52,7,1,14,7,3,7,58,2,5,2,7,4,4,12,3,9,3,22,20,12,4,11,7,9,4,6,3,48,35,59,26,30,13,5,23,40,77,14,19,2,37,9,8,42,20,12,17,16,27,17,22,65,4,9,7,11,7,4,2,9,70,24,12,16,20,11,6,10,4,7,48,55,10,8,5,46,7
T[T>G]A,39,25,39,2,9,66,21,8,9,52,52,9,5,22,30,40,24,23,12,24,92,47,39,66,108,115,27,32,27,38,9,58,9,23,53,51,56,61,23,30,93,48,52,8,5,36,26,21,49,11,57,19,17,31,22,114,7,114,14,29,12,14,24,132,8,40,26,14,68,63,10,36,21,44,81,17,69,15,20,20,25,45,63,20,48,43,21,29,105,54,19,46,15,71,75,7,9,33,46,6,3,8,40,10,10,6,7,23,11,52,6,16,16,9,6,38,13,28,10,55,49,13,4,10,11,5,12,57,4,6,11,4,9,11,25,3,10,7,16,32,11,4,28,1,9,2,16,5,58,40,64,33,27,17,7,24,44,64,23,24,6,39,12,11,51,31,4,25,28,33,30,23,64,10,13,12,8,13,0,1,7,102,37,16,21,13,20,7,12,9,9,45,47,20,13,7,30,11
T[T>G]C,19,9,30,3,4,37,15,6,8,31,35,9,5,9,16,33,17,9,7,20,70,33,22,33,50,190,29,25,18,36,8,39,14,5,45,38,40,33,13,16,64,26,37,8,6,18,19,9,32,12,43,9,16,25,14,72,10,52,12,29,11,9,14,86,9,26,14,6,39,33,13,25,7,31,38,7,45,22,8,13,12,41,34,13,30,27,16,14,59,25,22,34,14,48,54,8,11,16,33,11,2,6,30,4,6,5,1,23,12,27,9,7,6,5,14,22,10,14,7,39,31,7,4,6,5,6,7,50,2,6,9,2,7,5,11,9,4,12,13,21,8,5,14,5,2,4,9,10,51,30,54,14,19,13,7,15,40,33,12,19,7,22,10,4,32,19,11,22,12,31,17,18,56,6,3,10,5,5,5,3,6,59,21,10,18,13,8,6,5,7,7,45,33,10,8,5,24,7
T[T>G]G,39,18,73,4,10,86,21,18,4,45,57,4,7,15,56,53,23,27,10,26,115,48,31,89,80,136,61,42,32,46,8,74,16,10,66,49,100,47,25,33,139,46,50,15,9,25,43,22,49,10,84,9,12,48,29,106,12,50,26,31,9,14,17,159,7,63,26,18,52,69,13,31,16,58,70,10,81,15,17,20,28,72,60,18,51,62,10,28,115,40,18,74,21,108,109,10,14,23,52,8,7,11,39,13,7,7,5,45,12,45,4,12,7,13,14,54,13,26,7,66,69,10,6,8,7,9,16,90,3,4,11,8,14,14,15,2,18,7,32,22,16,5,21,4,4,3,8,8,68,44,97,38,31,12,12,22,71,80,25,42,5,43,11,9,55,19,13,29,17,29,29,29,78,11,7,8,8,13,8,7,6,96,61,15,21,14,20,5,11,5,10,65,58,20,9,9,70,11
T[T>G]T,58,38,81,10,20,110,48,38,16,109,110,14,17,33,79,308,61,36,26,47,182,110,60,132,144,1968,74,56,80,150,23,120,45,40,85,79,125,98,48,66,190,103,100,14,20,48,54,37,91,22,125,34,35,74,70,163,35,167,56,94,32,24,67,261,23,111,61,27,138,109,38,91,35,82,104,34,145,48,46,50,80,97,108,27,99,77,43,48,166,148,57,110,34,147,131,17,40,57,85,13,12,23,61,21,14,13,16,51,29,88,9,24,25,34,27,83,33,56,21,122,89,29,16,26,13,14,19,129,17,32,25,11,19,26,36,15,19,12,55,72,35,19,43,14,16,9,23,16,110,76,136,52,50,34,12,70,104,133,47,96,30,87,26,25,90,59,21,51,48,76,47,50,114,28,35,35,20,18,6,5,11,202,79,37,56,37,29,13,32,30,25,108,121,32,26,11,91,30
