Indel,SP10084,SP10150,SP10470,SP10563,SP10635,SP10944,SP11045,SP11171,SP11235,SP116331,SP116333,SP116335,SP116339,SP116341,SP116343,SP116345,SP116347,SP116349,SP116351,SP116353,SP116355,SP116357,SP116359,SP116361,SP116363,SP116365,SP116367,SP116369,SP116371,SP116373,SP116375,SP116377,SP116379,SP116946,SP116947,SP116948,SP116963,SP116991,SP117011,SP117032,SP117057,SP117078,SP117079,SP117105,SP117108,SP117113,SP117126,SP117127,SP117136,SP117162,SP117244,SP117245,SP117250,SP117257,SP117312,SP117344,SP117354,SP117363,SP117369,SP117370,SP117372,SP117378,SP117402,SP117409,SP117454,SP117538,SP117552,SP117593,SP117598,SP117614,SP117618,SP117629,SP117639,SP117676,SP117710,SP117724,SP117728,SP117778,SP117785,SP117800,SP117812,SP117834,SP117840,SP117850,SP117882,SP117887,SP117901,SP117919,SP117933,SP117944,SP117983,SP118012,SP118038,SP118073,SP118074,SP118077,SP11808,SP11878,SP11948,SP12049,SP12186,SP124193,SP124195,SP124197,SP124199,SP124207,SP13036,SP2144,SP2145,SP2146,SP2147,SP2148,SP2150,SP2151,SP2152,SP2153,SP2154,SP2155,SP2156,SP2158,SP2159,SP2160,SP2349,SP2357,SP2714,SP2731,SP2766,SP2793,SP2799,SP2801,SP2826,SP2881,SP2997,SP3016,SP3415,SP3631,SP4265,SP4472,SP4523,SP4535,SP4557,SP4593,SP4820,SP4875,SP5017,SP5052,SP5279,SP5381,SP5393,SP5448,SP5473,SP5559,SP5636,SP5784,SP5808,SP5820,SP5844,SP5980,SP6115,SP6223,SP6429,SP6519,SP6673,SP6730,SP6766,SP6813,SP6825,SP7171,SP7291,SP7378,SP7421,SP7692,SP7785,SP8085,SP8157,SP8229,SP8394,SP8564,SP8660,SP8795,SP8831,SP8891,SP8987,SP9251,SP9433,SP9481,SP96147,SP96163,SP96511,SP9816,SP9930,SP9979
DEL_C_1_0,60,23,40,14,9,38,6,23,5,19,28,11,14,34,17,9,7,5,13,33,36,18,31,19,17,24,30,39,13,33,21,38,7,8,8,9,2,6,20,4,8,8,8,7,3,8,6,1,2,15,5,7,16,6,6,19,10,42,41,6,20,11,5,28,8,46,4,0,24,13,2,22,13,4,26,7,3,11,11,11,9,11,2,4,2,34,32,37,3,24,9,10,9,8,10,6,12,27,21,69,24,5,6,87,3,30,30,18,30,18,51,22,5,7,7,32,41,31,5,8,20,5,13,43,49,16,38,61,8,16,10,69,17,22,26,71,19,24,13,9,9,8,38,49,9,91,30,4,18,24,32,36,4,33,38,13,21,54,7,29,31,5,126,8,9,33,22,12,2,5,23,45,59,11,7,11,16,20,27,16,47,30,40,15,19,4,13,29,60,33,38,9
DEL_C_1_1,29,9,18,12,6,14,2,17,3,4,10,4,10,18,9,2,7,5,5,20,13,10,16,9,5,10,15,36,12,21,7,17,3,10,6,10,2,2,5,4,4,7,7,3,3,3,3,5,4,8,3,7,6,1,1,6,6,29,8,3,2,5,6,14,9,14,4,4,27,8,4,9,11,4,19,6,5,17,4,6,5,7,11,4,1,15,11,11,5,13,7,8,2,1,11,6,6,7,11,35,5,5,7,26,11,6,20,10,15,3,22,3,7,0,1,13,29,19,1,8,5,6,8,18,27,5,23,22,7,20,3,24,6,23,15,16,7,11,11,7,9,6,30,27,9,34,19,2,13,13,14,16,2,12,12,11,10,20,4,17,12,5,58,12,6,11,10,9,4,8,10,14,38,4,1,7,7,14,16,14,25,17,19,4,10,2,18,7,29,24,21,3
DEL_C_1_2,6,5,16,0,2,8,3,2,2,3,4,0,7,10,5,2,2,1,3,5,3,5,7,9,3,3,6,21,4,9,6,7,2,4,8,2,1,3,2,2,3,15,0,5,3,0,1,2,2,3,0,1,1,0,1,7,5,19,4,1,3,3,3,13,1,12,0,6,17,5,3,2,3,2,12,4,1,7,6,4,5,2,3,1,0,7,3,12,1,2,1,4,1,3,6,2,3,7,10,12,5,1,2,17,2,8,7,3,9,2,14,4,3,0,1,7,23,29,1,6,6,1,3,8,8,1,9,12,5,7,0,9,1,11,5,0,3,6,5,4,4,2,21,13,5,9,6,0,12,2,11,6,4,6,8,5,7,16,5,4,3,4,23,4,0,14,10,9,4,2,3,10,15,4,3,3,9,5,10,9,21,11,17,4,3,4,7,2,13,9,1,3
DEL_C_1_3,8,3,6,1,6,7,0,3,0,1,2,1,3,3,3,0,1,2,1,6,3,2,4,1,2,1,5,4,1,1,4,5,1,1,3,0,1,0,3,2,1,2,0,3,1,1,2,1,1,0,0,1,3,1,1,2,2,9,2,3,3,1,2,3,0,3,1,1,8,3,0,3,2,3,6,2,1,4,6,2,1,2,0,1,1,4,1,5,0,4,2,2,2,0,8,0,2,4,5,2,2,1,0,4,1,5,3,1,2,4,3,0,1,1,1,4,5,8,0,1,3,1,0,3,1,1,4,6,2,1,0,6,1,3,1,3,1,4,3,1,4,5,12,8,2,7,8,0,5,6,2,4,0,4,5,1,3,8,2,3,3,2,12,2,2,2,9,8,1,1,4,4,5,3,1,2,3,3,5,1,6,4,7,3,2,0,2,3,4,5,2,4
DEL_C_1_4,6,2,3,2,0,2,0,0,6,4,2,1,2,2,1,1,0,3,2,3,2,1,2,2,2,0,3,8,2,2,4,3,0,0,1,2,0,3,0,0,0,1,0,3,0,0,1,0,1,1,1,0,2,0,0,3,0,5,0,0,2,0,0,3,1,2,1,1,4,1,0,2,1,1,1,1,0,3,1,0,0,1,1,1,1,1,1,3,0,3,0,1,0,0,1,1,1,1,1,3,0,0,2,3,0,2,2,1,3,0,2,0,0,0,0,1,5,6,1,1,1,3,3,1,5,0,2,2,1,5,2,7,2,2,4,5,0,1,6,0,2,1,8,3,1,4,1,0,3,1,0,5,2,0,4,1,2,8,1,7,3,0,6,5,1,4,4,2,2,2,3,5,3,1,2,1,3,2,0,4,7,3,3,1,2,0,3,2,2,3,2,2
DEL_C_1_5+,5,4,2,2,0,4,0,1,1,3,2,4,4,2,1,2,1,2,5,6,0,0,2,2,0,4,2,5,4,1,5,1,2,0,0,3,2,1,0,0,0,1,0,1,0,0,3,0,1,2,1,0,0,3,0,1,1,3,0,2,0,0,2,6,1,2,0,3,1,3,0,3,6,0,2,2,1,3,0,2,1,1,0,2,2,0,1,4,0,0,0,1,0,1,7,1,0,1,4,3,2,0,2,3,0,12,11,0,4,1,2,1,0,0,0,4,2,1,0,5,1,0,6,3,1,2,1,5,0,6,0,9,1,3,1,3,0,3,4,1,2,0,8,2,9,5,4,0,1,0,10,5,4,2,5,1,5,4,1,0,1,1,4,3,0,5,5,2,4,1,2,6,8,1,3,0,1,3,3,5,5,0,3,3,1,0,3,1,2,1,1,1
DEL_T_1_0,27,6,28,6,8,19,2,15,8,9,8,9,11,16,13,6,5,8,4,23,9,13,17,12,7,21,14,32,13,9,13,9,6,13,4,14,4,3,4,9,3,9,8,6,5,5,5,3,6,4,3,7,2,7,5,14,4,18,5,4,5,3,7,16,6,33,4,6,41,12,1,12,9,2,26,1,5,8,3,3,4,4,5,5,1,16,11,16,3,15,5,8,3,9,9,7,7,14,15,31,10,4,5,19,3,17,25,6,25,10,28,8,7,3,2,14,27,10,6,2,6,3,13,16,24,6,15,31,5,17,8,21,7,19,18,15,2,14,13,8,7,14,26,21,11,34,22,3,14,11,12,22,5,12,27,9,12,25,10,22,25,5,34,14,9,8,27,17,10,4,11,12,30,7,6,10,12,12,18,12,25,15,22,9,3,8,14,17,25,30,13,4
DEL_T_1_1,13,4,8,8,7,12,3,5,2,9,3,6,4,10,4,6,5,6,2,16,8,4,6,5,3,4,6,9,8,14,4,11,4,13,5,4,1,4,1,2,2,5,4,2,3,3,6,1,2,2,4,8,9,1,1,8,3,13,4,0,6,3,5,12,4,11,2,3,35,5,2,7,9,1,19,3,2,8,6,2,3,14,4,4,1,13,5,6,0,5,5,3,1,6,2,5,3,8,9,21,9,2,3,8,5,9,21,3,8,8,11,4,2,1,0,7,14,8,3,3,4,0,3,11,16,2,2,15,3,16,6,12,5,7,6,6,5,10,6,9,5,4,16,15,7,15,7,1,7,9,15,19,4,15,10,11,9,6,3,17,12,3,19,8,1,5,10,8,5,1,4,6,10,5,2,9,4,10,7,8,19,4,8,7,4,2,10,14,4,15,13,10
DEL_T_1_2,17,7,15,6,2,16,4,11,5,8,13,7,3,17,8,2,4,5,7,26,8,12,7,4,2,3,9,32,7,11,5,12,7,6,5,5,2,7,8,3,5,9,8,3,3,3,5,2,1,3,3,3,5,5,3,14,7,13,3,3,6,1,4,20,3,29,1,4,21,11,2,10,11,1,16,3,3,11,2,3,5,15,7,6,0,9,8,17,3,8,8,4,2,1,7,4,6,12,7,18,5,4,3,27,6,10,12,4,10,8,33,5,3,3,1,5,25,23,1,4,4,4,4,19,21,1,15,17,5,13,3,21,4,9,9,5,5,4,2,6,5,1,24,29,5,30,11,1,6,11,4,12,4,20,8,5,6,18,8,11,25,5,37,6,4,4,9,12,5,4,13,8,21,7,7,8,6,8,8,15,22,13,19,9,2,2,11,12,30,8,19,7
DEL_T_1_3,39,12,18,3,1,13,4,12,6,4,5,1,7,9,11,6,1,4,10,19,14,7,25,5,6,8,9,20,6,17,14,11,3,2,4,6,1,2,1,3,1,7,0,6,1,4,7,1,1,2,1,6,1,3,3,7,5,16,2,2,6,7,3,18,3,27,1,3,9,5,2,14,10,2,10,4,2,6,7,4,3,7,5,2,2,22,7,15,2,12,1,5,4,3,5,5,6,8,11,27,4,1,2,36,4,18,28,6,11,5,26,1,2,2,2,8,37,26,1,5,1,1,7,15,30,3,23,25,1,10,8,19,4,13,15,7,3,9,6,6,7,3,35,28,8,46,13,1,10,4,12,6,6,21,19,4,9,30,11,15,20,2,57,7,2,8,11,4,5,7,13,11,35,3,3,6,3,5,16,12,28,19,20,11,7,3,8,5,32,16,14,0
DEL_T_1_4,27,5,14,5,4,12,2,3,13,6,10,15,3,18,13,5,6,5,2,20,5,4,8,5,1,7,15,32,2,9,22,10,9,7,4,9,2,1,3,2,3,4,0,2,1,2,5,3,0,2,2,4,4,0,2,12,4,15,1,2,3,2,3,22,1,20,1,3,9,9,2,5,13,2,8,4,5,9,2,5,1,4,3,4,1,17,6,11,1,7,3,5,3,2,19,3,9,8,5,25,1,0,2,20,6,24,38,7,9,7,28,1,1,1,3,13,39,31,0,6,2,3,5,11,22,3,10,24,3,10,5,29,3,15,11,10,1,7,6,5,3,4,38,21,9,28,20,1,13,5,11,8,5,11,19,4,7,20,7,8,24,1,38,5,4,5,20,6,5,5,11,17,22,8,4,5,4,4,13,8,19,6,19,13,7,1,6,9,28,14,11,3
DEL_T_1_5+,78,93,26,20,9,47,5,17,28,32,39,62,31,16,46,22,6,10,34,83,11,13,17,18,10,11,41,60,9,26,86,50,25,13,8,12,9,14,9,6,9,16,2,22,6,8,7,10,10,9,5,5,4,5,7,15,18,25,2,7,8,6,11,20,11,38,7,8,7,11,9,12,52,4,9,20,6,16,10,15,10,25,11,10,6,16,12,34,5,14,19,6,3,4,94,14,45,16,14,44,44,7,12,37,19,283,184,7,25,9,39,10,9,5,4,98,33,27,3,26,14,14,41,40,45,13,31,143,10,31,18,102,11,83,16,9,13,26,21,7,13,14,46,38,48,34,191,7,87,43,79,35,37,59,55,18,75,37,15,19,63,10,72,54,8,37,168,32,36,25,47,142,57,40,10,20,31,30,19,90,81,35,48,14,21,11,15,19,41,20,40,8
INS_C_1_0,6,2,6,1,1,1,0,7,1,2,1,3,1,5,1,0,2,1,1,9,4,0,3,1,0,1,3,10,5,7,2,9,1,0,2,1,0,2,0,1,1,1,1,1,0,1,1,3,1,1,1,1,1,0,2,4,3,4,0,1,0,0,0,4,0,6,2,1,3,2,1,3,2,0,1,0,0,2,0,0,1,2,3,0,0,2,0,8,1,3,3,2,1,0,6,1,2,1,2,4,1,0,1,9,0,5,13,2,3,0,1,0,0,0,0,4,6,2,1,0,2,2,2,3,14,0,5,6,0,1,2,8,0,12,5,1,2,3,0,1,3,0,7,8,3,6,1,0,2,5,5,4,1,3,2,2,5,9,2,5,8,0,14,2,2,2,3,4,2,0,7,4,1,1,0,3,1,1,0,6,26,7,6,0,1,0,0,1,6,2,3,2
INS_C_1_1,1,2,2,3,1,3,0,1,3,1,1,0,0,2,3,2,0,2,1,1,1,0,3,1,1,4,2,1,0,1,5,4,2,3,0,3,0,2,1,0,0,1,1,1,1,0,0,1,1,3,1,2,1,1,0,0,2,0,3,1,0,0,0,2,2,4,0,0,1,2,4,5,1,0,6,2,0,3,1,1,0,2,2,1,2,5,1,2,0,0,2,2,0,1,1,1,2,4,3,3,0,0,1,0,2,0,4,0,4,2,1,0,3,0,0,1,5,2,0,1,0,2,3,3,2,1,1,5,1,1,1,3,3,4,6,2,2,1,2,1,3,1,0,3,0,6,1,1,5,2,5,6,2,0,2,1,3,5,2,2,3,1,5,1,0,1,3,0,5,2,3,0,0,1,1,1,4,3,3,2,3,4,5,2,1,0,2,1,4,1,1,0
INS_C_1_2,0,1,1,1,1,2,1,2,1,0,1,0,1,1,2,0,0,0,1,2,2,1,2,1,0,2,1,1,1,1,2,2,1,0,1,1,0,1,1,2,1,0,2,0,0,0,2,1,0,0,1,0,0,0,0,0,1,1,1,0,0,0,0,1,0,2,0,0,1,0,0,2,0,1,3,0,1,2,2,0,0,1,1,1,0,1,0,0,0,3,0,0,0,1,1,1,2,0,3,0,2,1,0,1,1,2,1,1,1,1,0,0,4,1,1,2,1,2,0,1,0,0,1,2,1,2,0,2,1,2,1,2,0,1,1,1,1,1,0,1,3,1,6,1,3,1,4,0,0,0,0,0,0,3,1,2,2,2,2,0,0,1,1,1,2,4,3,0,1,0,1,1,2,3,0,1,2,0,1,1,1,0,1,2,0,1,1,0,1,6,1,1
INS_C_1_3,0,2,1,1,2,2,0,0,2,0,1,0,1,1,1,0,0,0,0,4,0,0,2,1,0,0,1,0,1,0,2,3,0,0,0,0,1,1,0,0,0,2,0,1,1,0,1,0,1,0,0,0,0,0,0,1,0,0,0,2,0,0,1,1,0,2,0,0,1,0,0,1,2,0,2,0,0,0,0,0,1,2,1,1,0,0,0,1,0,0,0,0,0,1,1,0,0,1,0,1,0,0,2,0,1,1,1,0,0,0,2,1,0,0,0,0,0,3,1,0,0,1,0,0,0,0,0,0,1,1,0,0,0,2,0,0,0,2,1,1,0,0,1,0,0,0,2,1,1,0,0,0,0,2,2,1,3,1,0,2,1,2,3,2,0,0,2,0,2,0,1,0,1,1,0,0,5,0,0,2,2,1,0,0,0,0,1,0,1,0,0,0
INS_C_1_4,1,0,1,0,1,1,1,0,0,2,0,0,1,0,1,1,1,1,2,0,0,0,1,0,0,1,1,1,0,2,3,2,2,0,1,0,1,1,0,1,2,2,0,1,0,1,0,0,0,0,1,0,0,0,0,3,0,3,2,0,0,0,0,0,0,2,0,0,0,2,0,0,0,0,0,0,0,1,0,1,1,0,0,0,0,1,0,3,0,0,0,0,0,0,1,1,0,1,1,2,1,0,0,1,0,2,0,0,0,0,0,0,0,0,0,1,0,1,0,0,0,1,0,0,1,1,2,1,1,3,1,2,0,0,0,0,1,0,3,0,0,0,1,0,3,2,3,0,2,2,1,2,0,1,2,0,3,1,1,3,0,0,1,0,0,1,4,1,0,0,0,1,1,0,0,0,0,0,0,4,3,3,2,0,0,0,1,0,1,1,1,0
INS_C_1_5+,3,6,1,8,2,8,2,2,4,5,0,2,7,0,5,3,2,1,2,13,2,1,2,1,1,0,2,5,2,1,12,8,2,0,3,8,2,3,2,1,1,3,0,7,2,4,4,4,3,0,3,1,1,0,2,4,2,1,1,7,4,1,1,4,3,2,2,5,1,2,2,4,6,2,0,2,0,6,2,2,1,3,4,2,2,4,3,4,0,0,1,2,2,3,7,2,4,2,0,4,0,0,2,1,3,13,11,0,1,0,1,0,2,0,0,7,0,2,1,2,5,1,3,3,6,3,0,5,3,3,4,13,2,8,2,2,2,3,7,2,4,5,3,2,17,1,6,0,6,7,7,8,4,3,5,4,10,2,3,16,2,5,11,12,5,3,13,8,3,4,7,5,15,2,2,2,7,4,1,15,9,1,2,2,5,2,2,4,1,2,2,1
INS_T_1_0,2,1,7,2,1,2,1,3,4,0,2,2,4,0,1,1,0,1,1,6,1,2,10,2,2,1,4,4,2,2,4,0,0,0,2,1,2,2,0,2,0,1,0,1,0,0,0,1,1,3,0,1,0,1,1,5,2,4,3,0,2,2,0,3,0,6,1,2,2,1,0,3,0,0,1,0,1,1,2,1,1,3,0,0,2,6,2,3,1,2,1,2,1,2,4,1,3,5,2,6,2,0,0,8,1,5,6,1,5,3,3,3,0,1,0,4,10,6,2,1,2,3,2,8,5,2,3,14,2,2,1,7,2,5,3,3,3,5,0,2,2,0,9,7,1,9,3,0,5,3,0,3,1,3,4,2,5,5,2,2,2,0,16,4,1,5,5,0,4,4,3,6,5,3,1,2,2,5,6,5,11,3,11,1,0,0,2,5,11,10,5,1
INS_T_1_1,17,7,6,7,6,7,2,5,2,4,6,1,3,9,13,9,3,13,2,11,5,1,4,0,2,0,9,6,11,7,6,10,3,0,2,4,1,2,7,3,1,7,6,4,5,12,3,6,5,4,3,4,4,3,2,2,5,2,4,3,2,2,6,8,3,9,4,4,9,2,2,8,9,5,6,3,4,6,4,2,1,7,5,4,1,6,3,7,1,6,2,4,5,6,3,3,8,10,6,7,5,2,3,10,5,8,12,2,4,7,10,5,0,3,0,9,9,6,5,1,2,4,5,3,3,2,5,15,8,14,6,8,1,7,6,14,4,6,6,4,8,7,10,5,13,12,12,1,14,14,5,15,3,7,12,6,15,5,5,7,10,3,17,4,6,10,16,12,3,1,5,11,5,8,4,7,9,5,4,10,8,8,3,5,3,4,4,3,10,7,8,3
INS_T_1_2,2,5,1,4,2,1,0,3,2,8,0,2,3,3,6,2,2,4,3,4,0,3,8,1,1,1,4,6,3,1,5,5,0,4,2,5,4,1,2,1,3,0,1,2,1,1,5,0,1,1,0,4,1,0,3,2,3,0,0,0,1,1,1,1,0,2,1,0,2,1,1,2,4,0,5,1,1,3,1,0,1,1,0,2,2,3,1,4,0,1,1,0,0,1,6,0,3,7,1,3,1,0,1,6,0,5,6,1,3,1,2,1,4,1,0,5,5,2,2,1,1,2,3,1,3,2,3,4,4,5,0,3,1,4,2,1,0,6,2,1,2,1,5,1,1,5,4,5,3,4,4,1,4,2,2,2,1,2,2,2,3,2,6,4,2,5,5,0,0,1,3,7,2,2,0,5,2,6,1,5,9,5,6,2,4,2,4,3,1,5,1,1
INS_T_1_3,3,4,4,6,0,4,2,3,2,4,3,0,2,0,2,1,4,2,3,7,0,3,2,2,0,1,2,2,3,2,1,7,2,0,3,1,0,2,0,3,1,4,1,2,1,1,1,1,0,0,0,1,1,1,2,5,2,4,1,1,5,2,0,6,3,3,1,2,2,3,0,3,3,0,7,0,2,0,3,0,2,2,7,1,1,4,0,4,2,6,0,2,5,1,5,2,4,2,5,2,5,1,1,8,0,6,7,1,2,0,5,1,1,1,1,5,3,1,0,1,2,3,2,1,2,2,1,3,0,4,2,2,3,7,0,6,0,0,4,1,3,0,5,3,4,3,7,1,4,2,2,8,3,3,10,3,0,3,3,1,2,2,5,4,2,2,10,6,4,2,6,3,4,2,3,2,2,5,5,4,4,3,1,1,1,3,1,6,6,2,2,0
INS_T_1_4,1,4,2,2,1,3,2,2,3,2,3,2,4,0,5,4,1,1,1,4,2,0,2,0,0,0,0,5,5,2,5,3,1,0,0,2,0,2,3,1,3,6,0,5,1,2,2,2,5,1,0,1,0,1,1,5,0,3,2,2,1,0,0,3,0,4,0,2,2,1,0,0,5,0,4,4,2,0,0,2,0,3,2,1,0,1,0,3,0,0,0,1,3,0,8,0,4,1,1,4,0,0,0,4,2,5,11,1,1,1,7,3,3,1,1,12,5,3,0,0,3,1,1,1,3,2,1,5,1,2,0,2,2,6,2,3,0,5,3,0,1,1,3,3,3,5,4,0,4,4,1,7,1,2,7,0,5,2,4,2,3,1,9,5,0,3,12,2,1,0,2,11,6,3,3,2,1,1,2,10,8,3,1,3,1,2,2,3,3,2,2,2
INS_T_1_5+,45,111,21,91,31,94,29,44,58,178,75,36,168,27,85,107,41,40,48,302,16,7,30,18,11,22,50,123,83,19,126,138,91,37,26,101,24,38,37,43,22,115,22,62,41,102,54,45,54,14,44,21,41,16,27,65,51,82,31,53,20,33,19,44,34,69,22,30,46,13,40,24,65,12,29,60,59,73,9,43,15,47,74,24,34,39,32,50,19,38,69,21,49,44,159,23,104,41,65,37,60,14,77,57,53,273,272,25,53,15,113,27,28,16,41,265,44,39,14,85,33,44,55,37,50,55,43,190,48,93,30,176,60,69,28,48,29,67,95,17,78,23,87,42,253,42,204,17,83,125,58,69,81,84,141,134,71,30,60,43,56,50,174,183,40,86,318,75,88,32,84,190,227,60,24,56,46,74,40,285,165,46,95,30,46,27,40,39,36,32,53,11
DEL_repeats_2_0,13,5,5,4,4,9,1,3,2,3,4,9,3,2,5,5,1,2,6,7,4,4,6,1,1,2,3,8,31,5,5,10,5,1,5,4,0,1,5,0,2,6,0,1,4,1,5,2,6,3,1,5,2,1,2,5,1,9,1,3,0,1,3,6,3,12,1,3,15,2,2,10,9,3,10,4,3,6,7,1,2,8,2,2,2,13,3,11,3,8,2,2,3,3,6,4,3,3,5,10,6,0,1,16,2,4,9,4,5,1,3,4,4,2,1,7,10,6,0,1,2,3,11,2,6,1,7,16,4,12,4,6,3,9,6,4,2,6,1,3,5,2,13,13,3,11,7,1,6,6,8,83,4,4,12,5,13,5,1,7,9,5,28,6,0,9,7,3,5,1,6,12,7,4,4,3,5,7,9,8,9,8,5,1,5,1,6,4,10,13,6,4
DEL_repeats_2_1,13,9,5,4,0,11,4,10,5,7,11,54,9,0,11,12,6,3,12,19,2,4,7,3,5,10,10,8,46,4,17,21,3,6,2,7,2,6,3,1,4,8,5,4,6,3,7,2,6,5,1,3,5,0,10,5,4,8,1,4,2,3,3,5,8,8,3,4,9,5,1,5,3,6,14,11,3,7,1,6,3,7,3,1,9,12,2,8,3,6,4,5,1,4,10,7,11,5,14,18,9,0,4,12,3,8,13,3,11,4,8,5,2,2,2,12,14,4,6,4,3,10,10,7,8,7,9,21,7,20,5,14,9,20,8,2,5,6,4,4,11,4,7,31,4,16,33,3,26,6,9,178,7,12,12,7,22,13,5,11,10,4,27,7,5,12,14,7,10,5,8,40,18,9,7,5,15,24,7,22,21,5,9,5,5,5,5,5,12,3,9,1
DEL_repeats_2_2,8,3,0,2,2,2,2,1,1,2,1,13,1,5,2,1,4,0,2,7,0,1,1,2,0,0,4,8,10,1,1,5,5,2,2,0,2,1,1,1,1,4,0,2,2,1,2,2,0,0,1,1,2,1,4,0,4,2,0,0,0,1,0,3,2,3,3,1,1,1,0,4,5,1,3,2,0,3,1,4,0,1,0,1,1,0,2,2,1,6,0,2,0,1,1,2,3,0,1,7,1,1,2,6,2,3,3,3,1,1,2,1,3,0,1,3,4,3,0,1,0,1,5,6,3,1,6,5,0,1,0,6,2,5,1,1,1,1,5,1,2,0,7,9,4,2,3,2,14,2,3,33,1,6,4,4,7,5,0,2,0,0,10,2,2,2,5,6,5,2,1,9,1,4,6,2,1,6,0,6,2,4,6,1,1,2,6,3,3,3,1,0
DEL_repeats_2_3,3,0,3,0,0,2,2,0,1,0,0,2,2,0,0,2,0,0,0,2,0,1,0,0,1,0,0,5,4,0,2,2,0,0,0,0,0,0,1,0,0,3,0,0,1,0,2,1,0,0,0,0,1,0,0,1,1,2,0,0,0,0,1,1,0,0,0,0,0,0,0,0,1,0,0,1,0,1,0,1,1,0,0,0,0,1,0,0,0,2,0,1,0,0,1,1,0,2,0,1,0,0,2,2,2,0,1,0,2,0,1,0,1,0,0,0,1,3,0,1,0,1,0,1,1,0,1,4,0,1,0,3,1,1,0,2,0,0,2,1,0,1,1,3,0,1,3,0,1,0,1,13,1,1,0,0,3,0,0,1,0,0,3,0,0,2,0,2,0,0,0,3,2,1,0,1,1,2,0,2,2,0,1,0,2,0,0,0,2,0,1,0
DEL_repeats_2_4,1,0,0,1,0,0,0,0,0,1,0,0,0,0,0,0,0,0,0,1,0,1,0,0,0,0,0,1,3,0,0,0,0,1,0,0,0,2,1,0,0,0,0,1,2,0,0,0,0,0,0,0,1,0,0,0,0,0,0,0,0,1,0,1,0,0,0,1,0,0,0,0,0,0,0,0,0,1,0,0,0,0,0,0,0,0,0,0,0,0,0,0,0,0,0,0,0,0,0,0,0,1,0,0,0,0,1,0,0,0,1,0,1,0,0,0,0,0,0,0,1,0,0,0,2,0,0,2,0,0,0,0,0,1,0,0,2,1,0,2,0,0,1,1,0,0,1,0,1,0,0,8,0,0,2,1,0,0,0,1,1,0,2,1,0,3,0,0,0,0,0,4,1,1,0,1,0,2,1,0,2,1,1,0,0,0,0,1,0,0,0,0
DEL_repeats_2_5+,5,1,0,1,1,0,1,0,4,0,0,0,1,0,0,0,0,0,0,0,0,0,0,0,0,1,0,1,2,0,1,3,1,2,0,0,0,1,0,0,0,0,0,0,0,0,0,0,0,0,0,0,0,0,0,1,0,1,0,1,0,0,0,0,0,0,0,0,0,0,0,0,0,0,0,0,1,0,0,0,0,0,0,0,0,0,0,0,0,0,0,0,0,0,1,0,2,2,0,2,1,0,0,0,0,1,1,0,0,0,1,0,0,0,0,0,1,0,0,0,1,0,0,0,1,0,1,1,0,2,0,3,0,2,1,0,0,3,0,2,3,1,2,5,0,0,4,1,1,0,2,1,1,2,3,3,5,2,3,0,0,1,0,0,6,0,1,2,2,1,0,1,1,1,3,1,1,0,0,3,5,2,0,2,0,0,0,6,1,1,1,1
DEL_repeats_3_0,3,4,2,1,0,4,2,4,1,0,0,1,2,6,0,2,1,0,1,5,1,1,1,2,1,5,3,6,1,3,0,4,4,4,3,1,3,1,0,1,0,2,0,1,0,1,1,0,0,2,0,1,0,1,3,1,1,8,1,0,0,0,0,4,2,5,0,0,16,1,0,5,3,0,10,1,1,0,0,0,0,2,2,0,2,7,0,5,0,1,2,1,0,1,0,0,4,2,6,7,1,2,0,2,1,1,4,1,1,1,6,2,2,0,0,4,6,1,1,1,0,4,3,3,4,0,5,7,1,5,8,7,0,2,0,2,1,3,3,1,2,0,8,4,3,7,3,1,2,2,2,5,0,3,3,2,3,6,0,3,9,0,15,3,0,0,6,3,3,1,2,5,9,1,3,2,1,3,3,2,9,0,7,0,0,2,3,4,6,7,6,1
DEL_repeats_3_1,24,8,4,6,1,17,1,3,5,4,4,35,2,4,5,17,2,4,7,9,3,4,5,5,1,6,6,15,10,7,6,15,4,4,5,8,5,3,3,8,1,4,4,7,1,0,4,1,3,3,1,6,4,6,9,5,6,8,1,3,1,2,3,13,6,11,2,4,3,1,1,6,11,5,5,11,2,9,5,3,1,5,2,2,2,14,3,6,2,5,7,3,5,3,8,8,4,14,5,17,11,2,3,7,2,6,26,5,6,3,9,1,6,1,4,12,19,10,0,7,6,3,6,7,9,3,2,8,3,10,5,8,4,25,6,6,3,5,3,8,12,4,8,24,5,7,20,5,24,6,15,23,6,10,11,9,19,6,4,7,7,6,21,12,2,14,24,11,7,3,6,26,15,7,2,9,4,25,6,18,14,5,12,5,7,3,7,8,9,4,4,3
DEL_repeats_3_2,5,3,2,2,1,3,1,0,1,2,2,7,1,0,1,3,1,4,0,4,0,0,1,1,2,0,3,0,4,2,4,0,0,1,1,2,2,0,3,1,1,1,0,0,0,2,1,2,3,0,0,1,1,0,2,0,1,0,1,2,0,1,0,0,1,1,1,0,2,1,0,0,1,1,1,1,0,4,2,1,0,1,2,2,0,3,0,1,0,0,0,1,0,1,0,0,0,2,0,1,0,1,2,2,0,4,4,0,2,1,2,0,1,1,0,3,0,2,1,0,1,1,2,1,2,1,1,1,1,7,3,1,0,4,0,0,1,1,1,3,2,1,1,5,0,3,5,2,4,1,1,3,3,2,2,2,4,1,1,2,1,0,2,2,0,3,7,3,1,0,0,5,2,4,2,0,2,4,0,5,5,0,2,0,2,0,1,1,5,3,1,0
DEL_repeats_3_3,4,0,0,0,0,1,0,0,0,3,2,1,0,0,2,0,0,0,0,1,0,0,0,0,0,1,0,1,1,0,0,0,1,0,0,0,0,0,1,0,0,0,0,0,0,0,0,0,0,0,0,0,0,0,0,0,0,0,0,0,1,0,0,1,0,0,0,0,1,0,0,0,2,1,0,1,0,0,0,0,0,0,0,0,0,0,2,0,0,0,1,0,1,0,0,0,0,0,1,0,1,0,0,1,0,0,0,0,0,0,1,0,0,0,0,2,0,2,0,0,0,0,0,0,0,0,0,0,0,1,2,0,0,0,0,1,0,0,0,0,0,0,0,1,0,1,1,0,0,0,0,0,0,0,2,0,1,0,1,0,1,0,1,1,0,0,0,1,2,0,1,2,0,0,0,0,0,0,0,1,1,0,0,0,2,0,0,0,0,0,0,1
DEL_repeats_3_4,3,0,1,1,0,0,0,0,1,0,0,0,2,0,1,1,0,0,0,0,0,0,0,0,0,0,0,0,0,0,1,0,0,0,0,0,0,0,0,0,0,1,0,1,0,0,1,0,1,0,0,0,0,0,0,0,0,1,0,1,1,0,0,0,0,0,0,0,0,0,0,0,0,0,0,0,0,0,0,0,0,0,0,0,0,0,0,0,0,0,0,0,0,1,0,0,0,0,0,0,0,0,0,0,0,0,1,0,0,0,0,0,0,0,0,0,0,0,0,0,0,0,0,0,0,0,0,0,1,1,0,2,0,2,0,0,0,0,0,3,0,0,1,0,1,0,1,0,1,0,1,1,0,0,10,1,1,1,0,0,0,0,0,0,1,0,0,1,0,0,0,0,0,0,1,0,0,1,0,2,1,0,0,0,1,0,2,0,1,0,0,0
DEL_repeats_3_5+,2,0,0,1,2,0,0,0,6,0,0,0,0,0,0,0,0,0,0,0,0,0,0,0,0,0,0,1,0,0,0,0,0,0,0,0,0,0,0,0,0,0,0,1,0,0,0,0,0,0,0,0,0,0,0,0,1,0,0,0,0,0,0,0,0,0,0,0,0,1,0,0,0,0,0,0,0,0,0,0,0,0,0,0,0,0,0,0,0,0,0,0,1,0,0,1,0,2,0,2,0,0,0,1,0,1,3,0,0,0,0,0,0,0,0,0,0,0,0,0,0,0,0,0,3,1,0,0,1,1,0,0,0,0,0,1,0,0,0,0,2,1,4,0,3,0,1,0,0,0,3,0,0,1,6,0,5,0,6,0,1,0,1,0,2,1,0,0,1,0,0,1,1,0,0,1,0,0,0,3,3,0,0,4,0,0,0,2,2,3,0,0
DEL_repeats_4_0,2,2,6,3,1,4,1,1,0,2,1,3,0,5,2,1,0,0,1,9,1,3,5,3,0,1,1,12,8,3,1,2,0,0,1,3,0,1,2,0,0,1,0,1,4,1,1,1,2,0,1,2,0,1,0,5,1,2,0,1,0,0,0,2,0,9,0,1,13,3,0,8,3,1,3,1,2,0,1,2,0,0,0,0,1,4,3,4,0,1,1,0,3,1,2,2,0,0,4,5,0,2,0,6,0,1,3,2,1,1,3,0,2,3,0,2,10,2,0,1,0,0,2,0,6,2,2,4,2,2,6,2,1,2,3,1,2,3,2,3,0,0,8,3,2,2,2,2,7,1,2,8,3,1,3,2,4,3,0,3,4,0,17,3,1,5,2,1,2,1,3,4,5,3,2,0,3,0,4,4,9,2,8,1,3,0,1,1,7,6,1,0
DEL_repeats_4_1,23,9,2,5,4,8,2,2,3,5,5,17,8,4,8,9,3,4,8,8,2,5,4,2,5,5,4,10,8,4,2,8,4,1,3,5,1,3,5,6,2,2,6,1,2,1,2,2,3,0,2,3,1,2,3,1,3,4,2,3,2,6,3,8,4,4,2,3,3,4,2,8,8,2,5,8,3,5,2,4,0,3,2,0,2,9,4,8,2,5,2,10,0,8,3,4,6,2,2,7,5,4,2,10,2,6,9,4,2,3,6,6,7,2,1,16,9,4,0,4,2,3,9,4,5,5,2,10,2,6,4,10,5,16,4,2,5,4,3,0,4,1,10,31,5,5,27,7,23,9,8,31,7,3,16,4,20,3,2,2,12,1,15,7,4,12,16,7,13,6,8,16,7,10,7,2,5,13,10,19,7,2,19,2,3,4,1,2,6,5,6,7
DEL_repeats_4_2,4,2,1,2,0,3,0,1,0,1,1,6,4,0,0,0,1,1,3,5,0,2,1,1,0,1,0,3,2,0,1,1,1,3,0,1,0,0,1,1,0,0,1,2,0,1,0,1,0,0,0,0,2,0,1,0,0,0,0,1,1,1,0,0,1,1,0,1,1,0,0,0,3,0,0,2,0,0,1,0,2,0,0,1,0,1,2,1,1,1,2,2,0,0,0,0,0,1,1,1,0,1,1,2,2,2,4,0,1,0,2,0,1,0,0,2,3,2,0,0,1,0,0,1,1,0,0,5,1,2,1,1,1,2,1,2,3,0,0,0,2,1,2,12,1,2,6,2,7,2,0,8,2,1,2,0,8,0,0,0,2,2,2,2,0,1,2,2,4,0,0,6,2,3,0,0,2,5,0,6,4,3,2,1,1,0,0,0,2,0,2,0
DEL_repeats_4_3,4,0,0,0,0,0,0,0,2,0,0,0,0,0,0,0,0,1,2,2,0,1,0,0,0,0,0,1,0,1,1,1,0,0,0,0,0,0,0,0,0,1,0,2,0,0,0,0,1,0,0,0,0,0,0,0,2,1,0,0,0,0,0,1,0,0,0,0,1,1,0,0,1,1,0,0,0,1,0,0,0,2,0,0,0,1,0,1,0,0,1,0,1,0,1,0,0,0,0,0,0,0,0,1,0,0,2,1,1,0,2,0,0,0,0,0,3,3,0,0,0,0,0,0,1,0,1,1,0,4,0,3,0,2,0,0,2,0,0,0,2,0,0,5,2,0,2,0,1,0,3,4,0,0,7,0,2,1,1,0,1,1,1,0,2,1,1,0,0,0,1,2,0,0,1,0,1,1,0,3,2,0,0,2,0,0,2,1,0,0,0,0
DEL_repeats_4_4,1,0,0,0,0,0,0,0,0,0,0,0,0,0,1,0,0,0,0,0,0,0,0,0,0,0,0,0,0,0,0,0,0,0,0,0,0,0,0,0,0,0,0,0,0,0,0,0,0,0,0,0,0,0,0,1,0,0,0,0,0,2,1,0,1,0,0,0,0,0,0,0,1,0,0,0,0,1,0,0,0,0,0,0,0,0,0,0,0,0,0,0,0,0,1,0,0,0,0,0,0,0,1,0,0,0,1,1,0,0,0,0,0,0,0,0,1,0,0,0,0,0,0,0,2,0,1,0,2,1,1,2,0,1,0,0,0,0,0,1,1,1,2,1,2,0,0,1,0,0,0,2,0,0,2,0,3,0,0,0,0,0,0,0,0,0,1,0,0,0,0,0,0,0,0,0,0,0,0,1,1,0,0,1,0,0,1,1,2,0,0,0
DEL_repeats_4_5+,0,0,0,1,0,0,0,0,0,0,0,0,1,0,0,0,0,0,0,0,0,0,0,0,0,0,0,0,0,0,0,1,0,0,0,0,0,0,0,0,0,0,0,0,0,0,0,0,0,0,0,1,0,0,0,0,1,0,1,0,0,1,0,0,1,1,0,0,0,0,0,0,0,0,0,0,0,1,0,0,0,0,0,0,0,0,0,0,0,0,0,0,0,0,0,0,0,0,0,0,0,0,0,0,0,0,0,0,0,0,0,0,0,0,0,0,0,0,0,0,0,0,0,0,1,0,0,0,0,0,0,1,0,1,0,0,0,0,0,0,0,0,0,1,0,0,0,0,1,0,0,0,0,0,2,0,1,0,0,0,0,0,0,1,1,0,0,0,0,1,0,1,1,0,0,0,0,0,0,0,0,0,0,1,0,0,0,0,1,0,0,0
DEL_repeats_5+_0,19,7,74,13,8,22,2,55,5,14,7,18,10,22,10,12,3,4,4,18,37,29,62,33,30,84,20,95,27,52,11,14,9,5,4,11,5,9,7,6,3,8,5,9,6,3,8,4,1,3,3,8,2,1,4,33,5,25,1,3,3,3,2,45,5,72,1,3,51,5,1,50,10,2,27,7,6,12,8,7,4,10,8,7,3,68,33,71,2,37,11,6,2,6,9,2,14,18,113,140,6,0,4,78,7,8,14,36,38,26,62,21,2,4,3,7,58,32,5,8,4,7,14,38,115,10,71,148,3,15,53,21,9,21,36,15,22,87,11,7,11,8,79,111,7,169,16,1,10,18,14,47,8,11,50,12,13,109,5,47,53,5,185,15,7,12,21,10,13,14,15,23,71,6,8,10,11,13,53,10,141,48,78,7,5,10,7,66,66,76,85,14
DEL_repeats_5+_1,3,3,7,3,0,2,0,2,1,2,6,2,2,3,3,4,0,2,4,3,2,0,3,0,3,2,3,5,4,1,5,5,6,1,2,1,1,1,2,2,1,1,1,1,0,2,3,2,1,2,1,3,0,1,0,3,3,3,0,1,1,0,0,6,1,7,0,2,4,1,2,5,8,0,0,2,1,0,3,4,1,3,4,0,1,4,3,11,0,1,3,0,1,1,1,2,4,2,1,9,2,1,1,4,1,4,5,1,3,0,4,3,1,3,0,3,8,12,0,1,1,0,4,3,8,0,0,9,1,2,3,5,5,14,4,1,3,9,2,2,3,0,11,10,1,9,7,2,9,4,10,12,5,2,5,1,8,3,1,4,9,2,18,1,1,5,2,2,3,0,6,6,9,2,2,3,3,4,4,4,19,1,10,3,0,0,0,1,10,2,4,3
DEL_repeats_5+_2,2,0,1,0,1,1,0,0,1,0,0,1,0,0,2,1,0,0,0,0,0,0,0,0,0,2,0,1,0,2,1,0,0,0,0,0,0,0,1,0,0,0,0,1,0,0,0,0,0,0,1,1,2,0,0,0,0,0,0,0,0,0,0,0,1,1,1,0,1,1,0,0,2,0,0,0,0,0,0,0,0,0,0,0,0,0,0,0,0,0,0,0,0,0,0,0,0,2,1,4,0,0,0,0,0,0,0,0,1,0,2,0,1,0,1,0,0,0,0,0,0,0,1,0,2,0,0,0,1,2,0,1,0,1,0,1,0,0,0,1,0,0,0,4,0,0,0,0,2,0,0,3,0,0,0,2,3,0,1,0,1,0,0,2,0,0,3,2,0,1,1,1,2,0,0,0,0,0,1,3,1,0,0,0,1,0,0,0,1,0,1,0
DEL_repeats_5+_3,0,0,0,0,0,0,0,0,0,0,1,0,0,0,0,0,0,0,0,0,0,0,0,0,0,0,0,0,0,0,0,0,0,0,0,0,0,0,0,1,0,0,0,0,0,0,0,0,0,0,0,0,0,0,0,0,0,0,0,0,0,0,0,1,1,1,0,0,0,0,0,0,0,0,0,1,0,0,0,0,0,0,0,0,0,0,0,0,0,0,0,0,0,0,0,0,0,0,0,0,0,0,0,0,0,0,0,0,1,0,0,0,0,0,0,0,0,0,0,0,0,0,0,0,1,0,0,0,0,0,0,0,0,2,0,0,1,0,0,1,0,0,0,1,0,0,0,0,3,0,1,1,0,0,0,0,1,0,0,0,0,0,1,0,0,0,0,0,0,0,0,0,0,0,0,0,0,0,0,0,2,0,0,0,0,0,0,0,0,0,0,0
DEL_repeats_5+_4,0,0,0,0,0,0,0,1,0,0,0,0,0,0,0,0,0,0,0,0,0,0,0,0,0,0,0,0,0,0,0,0,0,0,0,0,0,0,0,0,0,0,0,0,0,0,0,0,0,0,0,0,0,0,0,0,0,0,0,0,0,0,0,2,0,0,0,0,0,0,0,0,0,0,0,0,0,0,0,0,0,0,0,0,0,0,0,0,0,0,0,0,0,0,0,0,0,0,0,0,0,0,0,0,0,0,1,0,0,0,0,0,0,0,0,0,0,0,0,0,0,0,0,0,1,0,0,0,0,0,0,0,0,0,0,0,0,0,0,0,0,1,0,1,0,0,0,0,0,0,0,0,0,0,0,0,1,0,0,0,0,0,1,0,0,0,0,0,0,0,0,0,0,0,0,0,0,0,0,0,0,0,0,0,0,0,0,0,0,0,0,0
DEL_repeats_5+_5+,0,0,0,0,1,0,0,0,0,0,0,0,1,0,0,0,0,0,0,0,0,0,0,0,0,0,0,0,0,0,0,0,0,0,0,0,0,0,0,0,0,0,0,0,0,0,0,0,0,0,0,0,0,0,0,0,0,0,0,0,0,0,0,0,0,0,0,0,0,0,0,0,0,0,0,0,0,0,0,0,0,0,0,0,0,0,0,0,0,0,0,0,0,0,0,0,0,0,0,1,0,0,0,1,0,0,1,0,0,0,0,0,0,0,0,0,0,0,0,0,0,0,0,0,0,0,0,0,0,0,0,0,0,0,0,0,0,0,0,0,0,0,0,0,0,0,0,0,0,0,0,0,0,0,0,0,0,0,0,0,0,0,0,0,0,0,0,0,0,0,0,0,0,0,0,0,0,0,0,0,0,0,0,0,0,0,0,0,0,0,0,0
INS_repeats_2_0,6,0,2,0,1,2,2,3,0,2,0,0,0,0,3,1,1,2,0,3,1,0,1,1,0,0,1,1,4,2,2,0,0,0,0,3,0,2,1,1,0,0,1,1,1,1,1,1,0,0,0,1,0,1,0,2,3,1,1,1,1,0,0,3,0,5,0,1,3,2,1,2,2,0,0,1,2,0,0,1,1,0,1,0,0,4,1,0,0,0,1,1,3,1,2,1,4,3,1,4,0,0,1,4,0,0,1,0,3,1,7,0,1,0,0,1,5,2,1,0,0,0,0,4,1,1,4,8,0,0,0,4,0,3,0,2,1,2,1,1,2,0,3,4,2,0,2,0,1,4,1,5,2,1,3,1,1,5,0,3,4,0,7,1,0,3,2,1,1,0,3,3,2,2,1,0,1,3,4,0,7,0,2,0,0,0,0,0,1,3,2,1
INS_repeats_2_1,4,0,1,1,0,0,0,1,3,0,3,1,2,2,2,2,1,1,2,1,1,1,0,0,1,2,1,2,5,0,1,2,2,3,1,1,1,0,0,1,0,0,0,4,0,0,0,0,0,0,0,2,0,1,0,0,2,2,3,0,0,1,0,1,0,1,0,1,2,0,0,1,0,0,3,1,0,2,0,0,0,2,1,1,2,3,1,1,0,1,1,0,1,1,3,3,4,3,2,3,0,0,0,4,1,2,2,0,0,0,2,0,0,0,0,3,3,1,3,3,1,0,0,1,1,0,2,6,1,3,2,1,0,2,1,1,1,2,1,0,4,1,2,0,4,0,4,1,4,3,4,4,0,0,2,1,2,2,1,2,1,1,10,4,1,4,3,1,1,1,7,2,1,0,2,2,3,1,3,1,2,2,1,2,1,2,0,1,2,3,1,1
INS_repeats_2_2,1,1,0,1,0,0,0,0,2,0,1,0,1,1,0,0,0,1,0,1,0,0,0,0,1,0,1,3,1,1,0,2,2,1,0,0,0,0,0,0,0,0,0,0,0,0,0,0,0,0,1,0,0,0,0,1,0,2,1,0,0,0,0,3,1,0,1,2,1,1,0,1,0,0,0,0,0,0,1,2,1,1,0,0,0,0,0,0,1,2,0,0,1,0,2,0,1,1,1,0,0,1,0,1,1,0,0,0,1,1,2,1,0,0,0,1,1,5,0,1,1,1,1,0,0,0,0,2,0,2,1,0,0,1,2,0,0,3,3,0,1,1,2,0,1,3,0,1,0,0,0,1,1,0,0,0,4,2,0,0,0,0,3,2,0,2,3,0,0,0,1,0,4,2,1,1,0,2,1,1,2,0,2,0,2,0,0,1,0,0,1,0
INS_repeats_2_3,0,0,0,1,0,1,0,1,0,0,1,0,0,1,0,1,0,0,0,1,0,0,1,0,0,0,0,0,0,0,0,1,0,0,0,0,0,0,0,0,0,1,0,0,0,0,0,1,0,0,0,0,0,0,0,0,0,0,0,0,0,1,0,1,0,0,0,0,0,0,0,0,0,0,0,0,1,1,0,1,0,0,0,0,0,0,0,1,0,0,0,0,0,0,1,0,0,0,0,0,0,0,0,0,0,0,0,0,0,0,1,0,0,0,1,0,1,0,0,0,1,0,0,0,1,1,0,2,0,0,0,1,0,1,0,0,0,0,0,0,0,1,0,0,0,1,1,0,0,1,0,2,0,0,3,1,0,0,0,1,1,0,0,2,0,0,0,0,0,1,1,0,0,0,0,0,0,1,0,1,0,2,2,1,1,0,0,0,4,1,1,0
INS_repeats_2_4,0,0,0,1,0,0,0,1,0,2,1,0,2,0,1,0,0,0,1,2,0,0,0,0,0,0,1,0,0,0,0,3,1,1,0,0,1,0,1,0,0,0,0,0,1,0,1,0,0,1,0,0,0,0,0,0,0,0,0,0,0,0,0,1,0,1,0,1,1,0,0,1,0,0,0,0,0,0,1,0,0,0,0,1,0,0,0,1,0,0,0,0,1,1,1,0,0,1,0,0,1,0,0,1,0,1,0,0,0,0,1,0,0,0,1,1,0,1,0,2,0,0,0,1,0,0,1,2,1,0,0,1,0,2,0,0,1,0,0,0,0,0,1,0,1,0,3,0,0,0,4,0,0,1,0,1,3,0,0,0,0,0,2,0,0,1,2,0,1,0,2,3,3,1,0,0,0,0,0,5,3,0,2,0,0,1,1,1,0,0,0,1
INS_repeats_2_5+,1,9,1,1,0,2,0,1,1,8,6,1,3,1,5,3,2,1,2,17,1,2,1,1,2,3,6,3,2,2,5,11,2,0,1,2,2,2,1,2,1,3,0,0,0,3,4,1,1,0,0,0,0,0,0,2,0,1,2,1,0,1,1,2,1,2,1,2,0,1,1,1,1,0,0,2,1,3,1,1,1,2,1,0,0,3,1,2,0,0,1,0,0,2,5,1,3,2,9,1,4,1,1,0,1,10,11,1,1,0,4,1,0,0,0,14,2,0,0,1,0,0,2,4,4,1,2,11,2,2,2,11,2,6,1,2,3,3,4,1,1,2,5,2,16,1,14,0,4,7,8,3,4,3,4,3,8,5,8,0,8,3,10,10,2,2,8,2,3,0,5,11,16,4,2,5,3,3,5,25,4,1,9,1,3,3,3,3,4,1,4,1
INS_repeats_3_0,1,1,2,0,0,0,0,1,0,1,0,0,0,1,1,1,0,1,0,1,0,0,2,0,0,1,1,2,0,0,0,0,0,0,1,1,0,0,0,0,0,1,0,1,0,1,0,0,0,0,1,0,1,0,0,0,0,1,0,0,0,0,0,0,0,1,0,1,1,0,0,0,0,0,2,0,0,2,1,0,0,0,0,1,0,2,0,0,0,0,0,0,0,0,0,0,0,0,1,0,0,0,0,3,0,0,2,0,1,0,2,0,0,0,1,2,0,1,0,0,0,0,0,0,0,0,0,3,2,0,0,2,4,1,0,0,1,0,0,0,1,0,5,1,2,5,0,1,0,1,2,0,0,0,0,1,0,0,0,0,0,0,7,2,0,0,0,0,0,0,0,0,1,0,0,1,1,0,0,0,4,2,0,1,0,1,0,0,1,0,0,1
INS_repeats_3_1,0,1,1,0,1,4,1,1,0,1,1,1,0,2,4,1,2,1,0,1,2,0,0,0,1,1,0,2,0,0,2,3,2,1,0,0,1,2,2,3,0,1,0,1,0,2,1,0,0,1,1,0,0,1,0,0,1,0,1,0,0,1,0,2,0,1,1,1,0,0,0,0,3,0,1,0,0,2,1,1,0,1,0,3,3,1,1,1,1,0,1,0,1,0,0,0,1,0,0,1,0,0,1,0,1,2,2,0,0,0,4,0,0,1,0,1,1,1,1,3,0,1,2,1,3,1,1,2,0,0,0,3,2,0,1,1,1,2,0,0,3,0,2,1,0,2,2,0,0,1,4,1,1,0,6,1,1,0,2,2,0,3,1,4,0,0,3,4,1,2,2,3,4,4,1,1,1,0,0,0,1,2,1,0,1,0,1,1,7,3,2,0
INS_repeats_3_2,0,0,0,0,0,0,0,0,0,2,1,1,0,1,0,0,0,1,0,0,0,0,0,0,1,0,1,0,0,1,0,1,0,0,0,0,0,1,0,0,0,0,1,0,0,0,0,0,0,0,0,0,0,0,0,0,2,1,0,1,0,0,0,0,0,0,0,0,0,0,0,0,0,0,0,0,1,0,0,0,1,0,0,0,0,0,0,0,0,0,0,0,0,0,0,0,0,0,1,0,0,0,0,1,0,0,1,0,0,0,1,0,0,0,1,1,3,0,0,1,0,0,2,0,0,2,2,0,1,0,1,1,1,2,0,0,0,0,2,0,0,0,2,0,0,1,0,1,1,0,0,0,0,1,0,0,0,0,0,1,2,0,4,1,0,0,0,0,0,0,1,0,0,0,0,0,0,1,0,0,1,1,0,1,0,0,0,0,5,1,0,0
INS_repeats_3_3,0,0,0,0,0,0,0,0,0,0,0,0,0,0,0,0,0,0,0,0,0,0,0,0,0,0,0,1,0,0,0,0,0,0,0,0,0,0,0,0,0,0,0,0,0,1,0,0,0,0,0,0,0,0,0,1,0,0,0,0,0,0,0,0,0,0,0,0,0,0,0,0,0,0,0,0,0,0,0,0,0,0,1,0,0,1,0,0,0,0,0,0,0,0,0,0,0,1,0,1,0,0,0,0,0,0,0,0,0,0,0,0,0,0,0,0,1,1,0,0,0,0,0,0,1,0,0,0,0,0,0,0,0,0,0,0,0,0,0,0,0,0,0,0,0,0,2,0,0,0,0,1,1,0,0,0,0,0,0,0,0,0,0,0,0,0,0,0,0,0,0,0,0,0,0,0,0,0,0,1,1,0,0,0,0,0,0,0,1,0,0,0
INS_repeats_3_4,0,0,0,0,0,0,0,0,0,0,0,0,0,0,0,0,0,0,1,0,0,0,0,0,0,1,1,0,0,0,0,0,0,0,0,0,0,0,0,0,0,0,0,0,0,0,0,0,0,0,0,0,0,0,0,0,0,0,0,0,0,0,1,0,0,2,0,0,0,0,0,0,0,0,0,0,0,0,0,0,0,0,0,0,0,0,0,0,0,0,0,0,0,0,0,0,0,0,0,0,0,0,0,0,0,0,0,0,0,0,0,0,0,0,0,1,0,0,0,0,0,0,0,0,0,0,0,1,0,0,0,0,0,0,0,0,0,0,0,0,0,0,0,0,0,1,0,0,0,0,1,0,0,0,0,0,0,0,0,0,1,0,1,0,0,0,0,0,0,0,0,0,0,0,0,0,0,0,0,0,0,0,0,0,0,0,0,0,1,0,0,0
INS_repeats_3_5+,0,0,0,1,1,0,0,0,0,0,1,0,0,0,1,0,0,0,1,1,0,0,0,0,0,0,1,0,0,1,2,2,1,0,1,0,0,0,0,0,0,2,0,0,1,0,0,1,0,0,0,0,0,0,0,0,0,0,0,1,0,0,0,0,0,0,0,0,0,0,0,0,0,0,0,1,0,0,0,0,0,1,0,1,1,0,0,0,0,0,0,0,0,0,1,1,0,1,0,0,1,0,0,0,1,0,1,0,0,0,0,0,0,0,0,1,0,0,0,0,0,0,1,0,0,0,0,0,1,0,0,2,1,0,1,1,0,1,2,0,0,1,1,0,0,0,2,0,0,1,0,0,1,0,0,0,0,1,0,0,0,0,0,0,0,1,1,0,0,0,1,1,1,0,1,0,0,0,0,0,3,0,0,0,0,0,0,0,0,0,1,0
INS_repeats_4_0,0,3,0,0,0,0,1,2,4,2,0,1,1,0,0,0,0,0,0,1,0,0,1,0,0,1,0,2,2,0,1,1,0,0,0,1,0,0,0,0,0,0,0,0,0,0,0,0,0,0,1,0,0,0,0,2,0,0,0,0,0,0,0,1,0,1,0,0,0,0,0,0,2,0,0,1,1,1,1,0,0,0,0,0,0,1,0,2,0,1,1,0,0,0,0,1,2,0,0,3,0,0,1,5,0,0,1,0,0,1,4,1,0,0,0,1,1,0,0,1,0,0,0,1,0,0,1,2,0,1,0,1,1,0,1,0,1,0,0,0,0,0,2,5,0,1,1,0,1,0,1,1,0,0,1,2,1,1,1,0,1,1,8,0,1,0,2,1,0,2,2,1,0,0,1,0,1,0,1,0,4,0,2,1,0,0,2,1,1,1,0,1
INS_repeats_4_1,1,1,2,0,1,2,0,0,1,3,1,0,1,1,5,1,2,0,0,3,1,0,0,0,0,1,2,1,4,0,2,1,3,2,0,1,1,1,1,1,0,2,0,1,0,0,2,1,0,0,1,1,0,0,0,2,1,0,1,2,0,1,1,0,0,3,0,0,0,1,2,0,1,0,1,1,0,1,2,0,0,1,3,0,0,1,1,1,0,1,2,2,0,0,0,0,3,1,0,2,2,1,2,1,1,0,1,2,2,1,1,0,0,0,0,0,1,1,0,1,0,1,1,0,3,1,0,2,1,2,2,0,2,2,0,0,1,1,3,2,0,1,7,2,3,3,3,0,1,3,2,0,1,1,1,2,3,3,1,0,2,1,5,6,4,3,12,0,2,2,2,5,1,0,1,0,5,0,3,2,5,1,0,1,2,1,0,1,2,2,0,0
INS_repeats_4_2,0,0,0,0,0,1,0,0,0,0,3,0,0,0,1,0,0,0,0,0,0,0,0,0,0,1,0,0,1,1,0,0,1,0,0,0,0,0,0,0,0,0,0,0,0,0,0,0,0,1,0,0,0,0,0,0,0,1,0,0,0,0,0,0,1,0,0,0,0,0,0,0,0,0,0,0,0,0,0,0,0,0,0,0,0,0,0,0,0,0,0,0,0,0,0,0,0,0,0,0,0,0,0,1,0,1,0,0,0,0,0,0,0,0,0,0,1,2,0,0,0,0,0,1,0,0,0,1,0,0,1,0,0,1,0,0,0,0,0,0,0,0,2,1,0,1,0,0,0,0,0,0,0,0,1,0,0,0,0,0,0,0,0,0,0,0,0,0,0,0,0,0,1,0,0,0,0,0,0,1,2,1,0,0,0,0,0,0,2,0,0,1
INS_repeats_4_3,0,0,0,0,0,0,0,0,0,0,0,0,0,1,0,0,0,0,0,1,0,0,0,0,0,0,0,1,0,1,0,0,1,0,0,0,0,0,0,0,0,0,0,0,0,0,0,0,0,0,0,0,0,0,0,1,0,0,0,0,0,0,0,0,0,0,0,0,0,0,0,0,0,0,0,0,0,0,0,0,0,0,0,0,1,1,0,1,0,0,0,0,0,0,0,0,0,0,0,0,0,0,0,1,0,0,1,0,0,0,1,0,0,0,0,0,0,0,0,0,0,0,0,0,0,0,0,1,0,0,0,0,0,0,0,0,0,0,0,0,0,0,0,0,0,0,0,0,0,0,1,0,0,0,0,0,0,0,0,0,0,0,0,0,0,0,0,0,0,0,0,0,1,0,0,0,0,0,0,2,0,0,0,0,0,0,0,0,3,0,1,0
INS_repeats_4_4,0,0,0,0,0,0,0,1,0,0,1,0,0,0,0,0,0,2,0,0,0,0,0,1,0,0,0,0,0,0,0,3,1,0,0,0,0,0,0,0,0,0,0,0,0,0,0,0,0,0,1,0,0,0,0,0,0,0,0,0,0,0,0,0,0,0,0,0,0,0,0,0,1,0,0,0,0,1,0,0,0,0,0,0,0,0,0,0,0,0,0,0,0,1,0,0,0,0,0,0,0,0,0,0,0,0,0,0,0,0,0,0,0,0,0,0,1,0,0,0,0,0,0,0,0,0,0,1,1,1,0,1,0,0,1,0,0,0,0,0,1,0,0,0,2,1,1,0,1,1,1,0,0,0,0,0,0,1,0,0,0,0,0,0,0,0,0,0,0,0,1,1,0,0,0,0,0,0,0,1,1,0,1,0,0,0,0,0,0,0,1,0
INS_repeats_4_5+,0,0,0,0,0,1,0,0,0,1,0,0,0,0,1,1,0,0,0,5,0,0,0,0,0,0,2,0,0,0,0,2,0,1,0,0,0,1,1,0,0,0,0,0,0,0,0,0,1,1,1,1,0,0,0,0,1,1,0,0,0,0,0,1,0,0,1,1,1,0,0,0,0,0,0,0,0,0,0,0,0,1,0,0,0,0,0,0,0,0,0,1,0,0,0,0,0,2,2,2,0,0,0,0,0,1,0,0,0,0,0,0,0,0,0,1,0,0,0,1,0,0,0,0,3,1,3,2,0,0,0,1,0,1,0,0,0,1,1,1,0,0,2,1,0,0,0,0,2,0,0,0,2,0,0,0,1,2,0,0,6,0,1,1,0,0,0,0,0,0,1,2,3,0,0,0,0,0,0,4,0,0,1,0,0,0,1,2,0,2,0,0
INS_repeats_5+_0,1,0,1,0,1,3,0,3,1,2,0,0,1,3,3,0,0,2,0,3,1,0,1,1,2,3,0,12,0,3,1,2,0,1,1,0,0,1,1,0,0,0,1,0,0,0,1,0,0,1,2,0,0,1,0,4,4,6,0,0,1,0,2,4,0,12,2,0,0,0,1,5,2,0,1,0,0,2,1,1,0,0,0,1,1,13,1,6,0,4,1,1,1,0,2,0,3,0,0,2,1,1,1,12,0,1,2,0,0,1,3,1,0,2,1,1,17,5,0,1,0,0,1,0,4,0,4,15,1,2,0,8,3,4,2,1,0,2,1,0,1,1,20,4,0,10,1,1,0,1,1,2,0,2,4,0,2,6,3,0,13,2,32,0,3,1,0,1,3,0,0,3,9,2,0,0,1,1,4,3,14,0,1,1,0,0,3,2,9,3,1,0
INS_repeats_5+_1,10,4,7,0,1,2,2,4,1,4,3,4,3,10,13,0,3,5,4,8,3,4,4,8,1,6,5,17,2,1,3,5,5,1,2,4,0,3,3,8,1,3,2,2,0,2,1,2,2,4,1,5,3,3,1,7,6,4,4,0,0,2,1,12,3,10,2,1,3,3,3,4,3,3,5,3,0,1,4,6,3,3,0,1,4,17,5,8,4,5,2,2,0,2,3,1,2,9,10,11,4,2,3,12,1,7,4,6,9,2,12,4,2,2,1,3,23,18,1,6,0,3,0,3,9,4,3,16,2,3,4,9,7,10,3,1,7,9,6,4,12,2,50,15,5,17,11,1,8,8,9,6,3,6,7,10,6,13,6,4,3,3,46,3,1,9,3,4,3,3,7,10,5,3,5,5,4,5,6,8,24,4,4,3,4,1,3,12,12,15,11,5
INS_repeats_5+_2,0,0,1,0,0,0,0,0,0,0,0,0,0,0,0,0,0,0,0,1,0,0,1,0,0,0,1,2,0,2,1,0,0,1,0,0,0,0,0,0,0,0,1,0,0,0,0,0,0,0,0,0,0,0,1,2,0,0,0,0,0,0,0,1,0,1,1,0,0,0,0,3,0,0,1,1,0,0,0,0,0,1,0,0,0,0,1,2,0,0,0,0,0,0,0,0,0,1,0,1,1,0,0,0,0,1,0,2,1,1,2,0,0,0,0,0,2,4,0,0,0,0,0,0,2,1,2,1,0,0,0,1,0,0,0,0,0,0,1,0,0,0,3,0,0,1,0,0,1,0,0,0,0,0,0,0,0,0,0,0,0,0,3,0,0,0,0,0,0,0,0,0,0,1,0,0,0,0,1,0,2,0,0,0,0,1,0,0,1,1,1,1
INS_repeats_5+_3,0,0,0,0,0,0,0,0,0,0,0,0,0,0,0,0,0,0,0,1,0,0,0,0,0,0,0,1,0,0,0,1,0,0,0,0,0,0,0,0,0,0,0,0,0,0,0,0,0,0,0,0,0,0,0,0,0,0,0,0,0,0,0,0,0,0,0,0,0,0,0,0,0,0,0,0,0,0,0,0,0,0,0,0,0,0,1,0,0,0,0,0,0,0,0,0,0,0,0,1,0,0,0,0,0,1,1,0,0,0,0,0,0,0,0,0,0,0,0,0,0,0,0,0,0,0,0,0,0,0,0,0,0,0,0,0,0,0,0,1,0,0,0,0,0,0,0,0,0,0,0,0,0,0,0,0,0,0,0,0,0,0,0,0,0,1,0,0,0,0,0,0,0,0,1,0,0,0,0,0,0,0,0,1,0,0,0,0,0,0,0,0
INS_repeats_5+_4,0,0,0,0,0,0,0,0,0,0,0,0,0,0,0,0,0,0,0,0,0,0,0,0,0,0,0,0,0,0,0,1,0,0,0,0,0,0,0,0,0,0,1,0,0,0,0,0,0,0,0,0,0,0,0,0,0,0,0,0,0,0,0,0,0,0,0,0,0,0,0,0,0,0,0,0,0,0,0,0,0,0,0,0,0,0,0,0,0,0,0,0,0,0,0,0,1,0,0,0,0,0,0,0,0,0,0,0,0,0,0,0,0,0,0,0,1,0,0,0,0,0,0,0,0,0,1,0,0,0,0,2,0,1,0,0,0,0,0,0,0,0,1,0,0,0,0,0,0,1,0,0,0,0,0,0,1,0,0,0,1,0,0,0,1,0,0,0,0,0,0,1,1,0,1,0,0,0,0,0,0,0,0,1,0,0,0,0,1,0,0,0
INS_repeats_5+_5+,0,0,0,0,0,0,0,0,0,0,0,0,0,0,0,0,0,0,0,0,0,0,0,0,0,1,0,1,0,0,0,0,0,1,0,0,0,0,0,0,0,0,0,0,0,0,0,0,0,0,0,0,0,0,0,0,1,0,0,0,1,0,0,0,0,0,0,0,0,1,0,0,0,0,0,0,0,0,0,0,0,0,0,0,0,0,0,1,0,0,0,0,0,0,0,0,0,0,0,0,0,0,0,0,0,0,0,0,0,0,0,0,0,0,0,0,0,0,0,0,0,0,0,0,1,0,0,0,0,0,0,0,0,0,0,0,0,1,0,0,0,0,0,1,0,0,0,0,0,0,0,0,0,0,1,0,2,0,0,0,2,0,0,1,0,0,1,1,0,0,0,0,0,0,0,0,0,0,0,0,0,0,0,1,0,0,0,0,1,1,0,0
DEL_MH_2_1,18,9,0,5,4,13,1,4,2,4,0,26,6,5,10,6,4,9,7,13,1,0,6,3,1,3,6,8,52,2,10,11,9,3,6,8,5,1,3,3,0,7,5,5,2,3,7,2,4,5,0,3,2,1,5,5,3,4,4,2,3,0,2,6,3,11,3,5,17,6,0,3,13,2,14,0,5,8,6,2,2,5,4,5,4,9,2,8,1,3,3,2,2,3,2,6,5,6,11,12,7,2,1,9,4,6,21,4,11,1,7,4,3,2,8,14,7,6,6,8,0,3,11,4,11,3,5,15,2,10,5,13,8,23,6,11,3,9,0,4,8,4,11,18,4,11,15,3,17,5,8,289,4,9,9,7,15,4,1,9,14,6,27,10,1,10,19,13,6,4,12,16,10,12,6,3,7,13,8,15,12,7,6,6,3,4,2,2,9,7,5,8
DEL_MH_3_1,3,0,3,2,1,4,0,6,1,3,5,1,1,0,6,1,0,0,2,3,2,4,3,2,2,4,1,8,2,3,1,3,1,1,1,2,0,3,0,0,0,1,1,1,1,1,1,0,1,1,0,0,0,1,0,3,2,1,3,1,0,0,0,6,1,6,0,0,8,0,0,1,4,2,10,1,1,1,1,1,1,4,2,2,1,6,4,4,1,5,0,0,1,1,0,1,1,3,4,1,0,0,0,6,2,2,5,1,1,4,4,0,0,0,0,2,5,0,0,1,3,1,3,1,10,0,7,2,1,2,2,5,2,3,3,2,2,5,3,4,0,0,11,2,0,4,2,2,4,3,1,8,1,2,7,1,5,2,1,1,2,1,12,3,0,1,4,4,1,3,5,4,1,2,0,2,4,5,5,5,5,7,10,1,2,2,2,8,3,3,5,2
DEL_MH_3_2,6,12,1,6,0,8,5,4,2,2,7,25,4,1,0,7,2,1,3,7,3,1,3,0,2,5,4,7,5,3,9,3,3,2,3,5,2,2,3,1,2,4,1,5,0,4,1,2,3,2,0,5,4,3,0,3,5,1,1,1,1,4,4,6,4,9,3,2,7,2,2,2,6,2,5,2,2,3,4,2,3,4,1,0,2,8,4,5,0,7,2,1,3,0,1,3,4,6,4,9,4,1,4,9,5,4,7,3,8,3,13,3,2,0,2,9,10,5,2,3,2,3,4,2,5,1,0,11,2,8,2,3,2,10,4,2,4,4,1,1,3,0,2,8,1,9,9,5,10,8,4,17,1,5,7,8,13,11,4,8,6,2,17,7,1,9,11,4,4,1,7,8,8,13,3,0,5,10,10,9,9,6,7,4,2,4,3,4,1,4,4,2
DEL_MH_4_1,3,2,3,0,1,2,0,3,0,0,1,5,2,2,3,2,1,0,1,4,0,0,5,0,1,3,2,6,1,0,2,2,5,1,0,1,0,1,0,1,0,2,2,2,0,1,1,0,1,1,0,2,2,0,0,2,2,3,0,0,1,0,2,6,0,7,0,2,5,2,0,5,1,0,3,1,0,0,1,0,0,2,0,2,0,9,4,3,1,0,1,0,1,1,5,1,0,3,3,11,1,1,0,6,0,1,4,0,1,1,4,0,0,1,0,2,9,4,1,2,0,0,2,2,5,1,0,10,2,3,3,0,0,7,4,3,0,4,2,0,0,1,7,2,0,9,3,3,2,3,2,5,0,2,4,1,7,6,4,1,4,1,12,0,1,2,3,0,1,0,1,7,4,2,5,0,2,2,5,3,6,5,13,1,0,1,0,3,4,1,1,2
DEL_MH_4_2,7,6,4,2,0,6,0,5,4,5,2,13,4,5,4,4,0,5,6,6,2,0,5,1,2,3,4,11,7,3,0,4,5,1,2,3,0,1,2,1,1,4,2,2,1,1,1,3,0,2,1,2,2,0,2,6,3,4,0,0,5,4,2,13,0,7,0,2,5,2,0,4,4,1,7,1,0,4,2,1,1,3,0,1,1,15,4,3,1,1,0,1,1,0,2,2,4,1,3,9,0,1,2,6,3,2,8,0,6,0,8,4,6,1,0,8,12,6,2,3,1,2,1,0,9,0,4,12,1,7,3,3,1,12,0,1,0,9,3,0,3,3,9,4,2,10,11,2,4,6,4,19,5,4,5,0,14,8,0,6,12,2,26,5,1,4,5,1,1,1,4,9,12,4,3,2,6,7,7,8,18,8,15,1,0,1,2,3,7,2,2,0
DEL_MH_4_3,25,13,6,2,0,5,2,4,1,1,4,19,4,2,7,6,2,3,11,9,0,0,7,2,3,3,5,9,7,4,7,9,5,2,1,3,1,3,1,4,2,3,3,1,1,3,3,2,2,3,0,3,4,2,1,4,2,5,1,2,7,6,3,3,3,3,0,4,9,4,2,5,5,1,4,1,1,4,6,3,1,3,0,1,0,6,4,11,3,6,2,6,1,1,3,0,4,8,2,11,1,2,5,10,2,3,2,3,4,0,2,2,0,1,3,7,9,4,1,0,2,4,4,3,6,2,5,8,3,4,1,6,3,10,1,5,4,7,3,2,1,2,11,15,2,6,11,2,22,10,3,40,2,9,8,3,21,4,2,2,6,0,16,2,1,11,7,1,5,4,2,10,10,8,7,1,5,7,12,8,9,5,14,2,2,4,4,2,8,5,6,3
DEL_MH_5+_1,17,10,103,4,1,9,7,69,2,9,10,18,7,52,9,6,5,7,7,9,55,49,80,61,50,137,18,95,27,61,6,12,10,5,3,6,1,10,7,4,1,3,6,8,4,5,7,3,1,2,1,8,6,2,1,51,16,21,5,1,5,5,4,48,2,87,4,3,46,6,2,46,11,1,27,8,6,8,4,4,2,9,7,5,1,82,39,51,3,40,6,1,1,5,7,7,8,10,163,221,7,4,5,88,4,7,19,65,71,39,102,58,1,5,2,9,96,39,6,4,2,4,10,35,138,7,121,246,9,18,38,14,16,29,44,9,36,104,4,9,10,7,100,126,7,250,12,4,15,6,18,46,4,13,65,3,20,189,7,53,69,10,210,12,7,11,18,7,7,11,17,19,59,8,8,7,7,17,80,13,192,63,89,9,2,6,6,124,110,112,107,7
DEL_MH_5+_2,16,5,123,7,5,16,4,70,5,13,18,20,4,95,9,3,1,7,5,14,57,40,92,60,42,100,17,199,12,74,9,11,6,6,3,5,3,4,4,6,0,6,6,4,1,3,2,3,2,2,0,2,3,4,1,78,8,21,0,2,3,6,0,117,3,187,2,5,16,1,3,110,11,2,11,4,5,6,1,2,4,5,1,1,0,128,44,163,4,48,6,6,4,4,7,11,0,10,165,246,6,0,4,171,3,9,13,63,122,49,193,50,5,4,1,16,187,118,4,4,0,9,10,53,145,1,116,262,3,13,28,16,8,50,59,4,26,135,6,4,12,5,193,149,6,216,17,3,16,7,16,23,1,12,83,1,8,177,4,61,91,8,304,7,6,12,27,7,3,6,16,23,148,3,13,7,1,11,137,12,320,94,183,6,4,3,7,127,212,82,128,5
DEL_MH_5+_3,9,5,92,5,2,10,1,36,5,4,14,19,3,84,4,2,4,2,6,9,23,39,55,41,38,77,9,183,3,81,3,8,2,5,1,4,1,1,7,4,2,3,1,2,0,3,1,1,4,2,0,5,1,0,1,60,7,17,2,0,0,3,1,73,5,131,0,1,19,1,2,72,7,0,10,3,3,4,2,1,2,3,2,2,0,115,23,110,0,53,5,2,4,1,6,5,1,4,83,133,2,0,0,94,2,9,13,33,128,30,154,30,1,2,3,8,149,95,3,1,4,4,8,51,107,5,82,219,4,9,13,10,2,31,31,2,13,99,8,6,4,1,160,88,4,163,10,2,8,1,12,22,5,14,39,3,6,118,1,42,66,3,265,6,9,6,20,8,5,7,10,13,107,7,5,4,4,10,100,5,294,64,122,7,3,3,2,80,147,55,85,2
DEL_MH_5+_4,13,3,40,3,0,7,0,24,2,4,9,11,4,42,3,3,2,2,4,5,15,16,36,21,24,38,5,61,5,38,4,7,6,0,2,1,0,1,2,2,1,6,1,2,2,1,2,1,1,1,0,0,0,2,0,41,3,15,0,3,2,1,1,39,0,97,0,2,5,2,0,50,4,0,6,1,1,2,0,0,1,1,1,1,0,62,18,65,3,33,1,0,0,0,4,2,2,8,60,61,0,2,2,58,2,3,3,21,47,18,78,15,0,2,0,6,98,64,0,2,3,1,2,20,66,2,39,114,4,3,4,14,3,22,23,0,9,39,2,1,2,1,81,55,1,69,3,0,6,5,0,12,4,1,30,3,5,54,3,22,34,3,154,5,5,4,12,1,3,5,9,6,67,6,7,2,2,2,63,10,163,39,65,3,1,0,2,51,84,30,34,2
DEL_MH_5+_5+,6,4,43,5,1,4,3,24,5,1,8,7,4,25,2,0,2,1,1,9,8,13,21,12,12,29,10,68,2,19,4,6,4,2,2,0,0,2,1,1,0,2,0,1,1,0,1,2,1,0,0,0,1,0,1,38,3,9,1,2,2,1,1,29,1,62,0,1,3,2,0,35,2,1,2,1,3,0,0,1,0,2,2,1,2,54,10,49,1,24,3,2,1,1,1,1,3,4,28,54,4,0,4,57,0,5,5,16,62,17,70,14,1,2,0,2,60,36,0,3,1,1,2,18,64,2,39,101,2,5,9,12,4,16,21,3,4,38,2,2,3,3,60,34,6,60,6,1,1,1,5,7,3,3,37,1,3,31,4,10,40,6,129,4,4,6,8,5,3,2,3,5,47,3,6,3,2,5,54,7,133,32,52,1,3,1,2,27,76,26,41,2
